name,x,y,burst_index,cv,nu,freq_variance,modalirity_burst,pause_index,pause_ratio,burst_behavior,skewness,kurtosis
Cell#008,51.7,120.6,0.0,1.14002892419,1.25143348849,99.5034454803,0.0434782608696,3.0,17.2754654984,0.0,1.58201219755,4.77506577313
Cell#009,54.6,149.3,0.0,0.820099551594,0.884678298004,97.5814063237,0.0,11.0,62.5460992908,0.0,1.04095072235,2.94587940942
Cell#019,97.6,123.5,0.0,1.44673322056,1.25161565625,99.5041322314,0.0,4.2,18.1409458619,0.0,2.3279232144,7.71968236575
Cell#021,109.1,74.6,0.0,0.888851528536,1.14433213055,99.8501498501,0.105263157895,4.25,28.8747906198,0.0,1.11004670527,3.96634606935
Cell#022,112.0,23.0,0.0,2.20026662062,0.94595205316,99.8206728355,0.0352941176471,1.75,4.42979383507,0.0153846153846,6.73143003558,53.0560826848
Cell#023,120.6,57.4,0.0,1.86184471263,2.02262043411,99.9525644827,0.181818181818,3.33333333333,20.224137931,0.0,3.02799417353,10.312581807
Cell#025,129.2,34.5,0.0,1.5869758875,1.34422059338,99.4476383722,0.0,10.5,53.1571856287,0.0,2.44213888609,8.4240787996
Cell#026,137.8,100.5,0.0,1.00660236069,1.14324175814,99.5546483578,0.0769230769231,3.66666666667,30.8152831226,0.0,0.727616257769,2.10095153935
Cell#027,137.8,123.5,0.0,1.38392830285,0.936936660829,99.7155499368,0.0425531914894,2.76923076923,8.17142857143,0.0,2.21651808605,6.8997802006
Cell#030,160.8,25.8,0.0,0.899659766882,1.0539245679,99.8340707965,0.181818181818,5.5,54.7740384615,0.0,0.803847892221,2.53375877836
Cell#033,183.8,114.8,0.0,2.47725217758,1.80071178863,99.8424316357,0.0625,1.125,7.3930417495,0.0,3.08961186158,10.8365795636
Cell#035,198.1,63.2,0.0,0.913825860534,0.96989070749,94.9375866852,0.0,1.0,1.0,0.0,1.93426703747,6.06062768966
Cell#039,223.9,57.4,0.0,1.00705461068,1.18841975002,96.5204606714,0.0,1.0,1.0,0.0,1.36109439795,3.37425054023
Cell#041,232.6,34.5,0.0,1.06389272844,1.22299484073,98.5703782371,0.0,17.0,104.183703704,0.0,1.41051217542,3.55126946894
Cell#042,238.3,137.8,0.0,1.13455265799,1.06531935499,99.5934369101,0.0285714285714,4.14285714286,16.4294322132,0.0,1.79178667761,5.36751730782
Cell#045,258.4,83.3,0.0,1.53290976129,0.990454813494,99.8849613052,0.0652173913043,2.0625,7.62674570481,0.0,2.54175640364,9.46350046574
Cell#046,264.1,45.9,0.0,1.3612582725,1.55016150282,99.9377757665,0.133333333333,1.83333333333,18.2874794069,0.0,1.50501290397,4.51109967206
Cell#051,304.3,109.1,0.0,1.15691059379,1.05151602101,99.4392012037,0.0181818181818,2.5,8.03801111552,0.0,2.48786108065,10.7740411775
Cell#052,307.2,80.4,0.0,1.73844627158,1.27584568942,99.9586620276,0.2,3.0,34.484318456,0.0,2.94983718547,9.78398308505
Cell#055,321.6,80.4,0.0,0.943248711906,1.21896910902,98.0507343124,0.0,14.0,80.0250347705,0.0,1.37166138851,3.85197432865
Cell#056,330.2,152.2,0.0,1.18830925693,1.34850768797,99.3108879701,0.0,2.75,18.5876662636,0.0,1.30890416269,3.43901918247
Cell#057,338.8,129.2,0.0,1.63942418584,1.27709551524,99.9012711341,0.0277777777778,2.7,12.3745237701,0.0,4.12063857018,21.5829682401
Cell#060,350.3,183.8,0.0,1.53232121878,1.24049745507,99.3554979172,0.0,5.0,22.4253647587,0.0,2.23339254752,6.84267282942
Cell#001,5.7,103.4,0.0,1.21044404609,1.50130059712,99.3311036789,0.0,2.5,22.3818393481,0.0,1.61990503706,5.11550880113
Cell#002,11.5,201.0,0.0,2.63758258712,1.68900963527,99.9660609858,0.05,9.5,58.7489878543,0.0,4.3554080749,19.4283813087
Cell#005,40.2,201.0,0.0,1.09223499844,0.876203134805,99.7127706584,0.0615384615385,1.55555555556,5.08607160373,0.00769230769231,1.55015782992,5.39729036651
Cell#017,100.5,97.6,0.0,0.878224139838,0.869264716285,98.2570162482,0.0,2.5,6.77897298995,0.0,0.868430091754,2.9164590397
Cell#028,146.4,212.5,0.0,1.03972872187,1.10065547929,99.6201997468,0.117647058824,1.92307692308,9.43101905127,0.0,1.59804663493,5.57912210917
Cell#031,160.8,172.3,0.0,1.39620555579,1.35704692459,99.7571973639,0.0357142857143,2.22222222222,10.0719738277,0.0,3.14563624781,14.1685761222
Cell#032,160.8,117.7,0.0,0.728833382866,0.78373818975,97.8387914875,0.0,11.0,70.4482758621,0.0,0.905901767295,2.50185921825
Cell#033,166.5,86.1,0.0,1.79491813542,0.817885920444,99.8036649215,0.047619047619,0.76,4.47973585394,0.0,3.23015477017,14.3084142748
Cell#036,175.1,169.4,0.0,1.17668317426,1.21121025772,99.7361957609,0.0322580645161,3.57142857143,16.7564870259,0.0,2.11907388522,7.85979277981
Cell#041,192.4,212.5,0.0,1.25104641041,1.26266173739,99.1983967936,0.0,1.625,13.2396726422,0.0,1.39983345846,3.60664041443
Cell#046,209.6,203.8,0.0,1.0497835859,1.2800809525,99.8752672844,0.136363636364,4.0,25.4356366187,0.0,1.52599415513,5.56602539183
Cell#047,212.5,129.2,0.0,1.46564428308,0.76856757656,99.8788042015,0.254901960784,1.0,4.09734560922,0.0,2.35417463252,9.34871047316
Cell#058,246.9,77.5,0.0,0.976620079287,0.882465718986,99.8604083057,0.483870967742,1.70588235294,8.61572535991,0.0,0.926702315337,3.71093612389
Cell#060,255.5,123.5,0.0,1.71846525718,1.11050048186,99.9141315015,0.133333333333,1.26666666667,7.51707891637,0.0,3.13764287702,13.8069703979
Cell#061,258.4,206.7,0.0,0.688484497623,0.840352652658,99.4614003591,0.0344827586207,9.0,44.2517401392,0.0,0.330777913849,2.17518939807
Cell#066,275.6,157.9,0.0,2.47708284491,1.23791565043,99.9491131143,0.0645161290323,0.941176470588,6.65832363213,0.0,5.08448996931,27.9138184048
Cell#069,275.6,192.4,0.0,0.966766427245,0.981864152596,99.4994994995,0.0526315789474,1.85714285714,6.29385860509,0.0,0.87892762802,3.16780302651
Cell#071,284.2,109.1,0.0,1.42325046217,1.03114657139,99.8747470855,0.184210526316,1.5,6.75262908574,0.0,2.80668276106,13.0161564452
Cell#078,321.6,241.2,0.0,0.590248123426,0.793866170775,99.2078460958,0.0322580645161,7.0,31.7498978341,0.0,0.936583515547,4.68332301417
Cell#083,330.2,71.8,0.0,0.619721775376,0.837679096512,99.4300314465,0.0344827586207,9.0,39.7380815623,0.0,1.07063633422,4.6072206998
Cell#084,344.5,226.8,0.0,0.973542739817,1.15419619238,99.827173624,0.173913043478,2.375,14.2964308613,0.0,0.751705408741,2.62264614077
Cell#086,350.3,66.0,0.0,1.12388146446,1.21810767661,97.1513956889,0.0,1.0,1.0,0.0,3.46468780937,14.971348649
Cell#087,358.9,178.0,0.0,1.08599735733,1.2077384283,99.7414589104,0.157894736842,1.75,14.4942093072,0.0,1.34324034487,4.08677686127
Cell#088,361.8,74.6,0.0,1.25831661814,1.20579606166,99.7068403909,0.0666666666667,3.0,12.8752052545,0.0,2.40863914422,8.83954581458
Cell#004,20.1,89.0,0.0,1.39506911466,1.56669267066,99.9319357473,0.8,1.25,13.3913360915,0.0,1.76690749092,5.64783893234
Cell#005,25.8,20.1,0.0,1.11278046136,1.22199732911,99.9034334764,0.875,1.14285714286,13.4290888827,0.0,0.779449120332,2.3523108352
Cell#023,117.7,109.1,0.0,0.991128890868,1.19569897027,99.798605732,0.133333333333,1.42857142857,8.75904718278,0.0,0.615000554896,2.33644892665
Cell#024,120.6,71.8,0.0,1.40917156019,0.57551555664,99.9057112069,0.257142857143,0.62962962963,4.38685256451,0.0,1.28691675096,3.50983878084
Cell#026,123.5,34.5,0.0,1.33492361132,1.48694575222,99.9301054772,0.727272727273,1.375,15.2890397672,0.0,1.83812463925,5.98691056769
Cell#044,189.5,175.1,0.0,1.50558140166,1.58811023836,99.7380616563,0.0666666666667,1.28571428571,12.7431603774,0.0,1.43610934824,3.51675583293
Cell#047,212.5,226.8,0.0,0.745183536987,0.928771411538,98.9732306564,0.0,3.66666666667,26.7244014264,0.0,0.196936416677,2.1080305261
Cell#048,215.3,37.3,0.0,1.9361488877,0.870218530533,99.9595201295,0.5,1.4,20.8341555977,0.0,2.13338182725,5.76443008148
Cell#050,221.1,126.3,0.0,1.71641143031,1.35189092091,99.9407688207,0.526315789474,1.41666666667,9.71778668311,0.0,3.45359435464,16.0985794679
Cell#051,223.9,221.1,0.0,0.91774411021,1.09451377951,99.8892013978,0.0909090909091,3.0,27.854767184,0.0,0.756605086425,2.89499937082
Cell#054,235.4,94.7,0.0,0.903863077706,1.11444622458,99.8917322835,0.2,3.5,30.8554913295,0.0,0.695366466063,2.39690937688
Cell#077,333.0,117.7,0.0,0.659995251201,0.75877756887,98.5442329227,0.158653846154,1.21100917431,1.77191118825,0.00769230769231,0.591623751302,3.23763071447
Cell#079,341.7,77.5,0.0,2.41851129753,2.25888167854,99.9353204334,0.857142857143,0.857142857143,7.90159502568,0.0,3.12166392336,10.6465599924
Cell#080,341.7,155.0,0.0,1.35903840929,1.40644260086,99.9072025127,0.157894736842,2.14285714286,15.9973098557,0.0,1.72613352513,5.38988443096
Cell#081,347.4,169.4,0.0,1.14590024015,1.41398422317,99.0196853506,0.0,4.33333333333,26.2106549365,0.0,1.4375551744,4.62485232185
Cell#085,358.9,140.7,0.0,1.18138068468,1.31514068761,99.9106199724,0.0434782608696,5.0,28.161752988,0.0,1.80455761555,5.83320556074
Cell#004,11.5,169.4,0.0,1.32733056344,1.52058957107,99.8980747452,0.133333333333,1.42857142857,15.2193841012,0.0,1.92543835447,6.11984375512
Cell#005,17.2,100.5,0.0,0.994995774471,0.843440223187,99.2828685259,0.120418848168,0.646153846154,1.13004372267,0.0078125,1.50039481031,4.3815418736
Cell#007,20.1,201.0,0.0,2.30889653604,0.761061374752,99.9455129952,0.142857142857,0.714285714286,4.08005525194,0.0,4.54072266698,25.694286015
Cell#008,34.5,143.6,0.0,1.8274407372,1.13350756155,99.576244781,0.0,2.33333333333,12.2499562095,0.0,2.96386861529,10.7803481537
Cell#010,37.3,201.0,0.0,1.30487090751,0.841452413105,99.6183206107,0.175,1.13636363636,2.25003644846,0.0157480314961,2.72847830727,10.4178114855
Cell#013,51.7,103.4,0.0,1.59994849583,0.888173026343,99.8936478778,0.322580645161,1.27777777778,6.93959017978,0.0,2.12613273753,6.92943781331
Cell#015,57.4,126.3,0.363636363636,2.60347185408,1.31149727214,99.9619675456,0.466666666667,0.375,5.02698863636,0.0112359550562,3.52654522384,14.3260393596
Cell#018,66.0,74.6,0.0,2.08504718703,1.37449830098,99.9696496705,0.470588235294,1.08333333333,9.51625410081,0.0,3.37021177153,14.2774777084
Cell#020,83.3,77.5,0.0,1.66154982272,0.824571680567,99.9578272605,0.866666666667,0.75,7.73999307879,0.00806451612903,1.60463395876,4.05921705197
Cell#022,103.4,109.1,0.0,2.87693927032,0.891913652999,99.9779181204,0.333333333333,0.52380952381,3.98590667084,0.0104166666667,4.15735709452,19.7576438908
Cell#025,114.8,66.0,0.0,2.16576495665,1.93436918348,99.9731800766,0.230769230769,3.0,23.0330466274,0.0,3.66251414679,14.1325243413
Cell#027,126.3,100.5,0.0,1.60539972593,0.868699099723,99.8234307407,0.15,1.3,6.19894700501,0.0,2.72846755117,12.081162795
Cell#030,140.7,63.2,0.0,2.57158962321,2.30208129701,99.9550010227,0.625,0.444444444444,6.96124650419,0.0149253731343,3.02338219071,10.1161626453
Cell#031,149.3,100.5,0.0,2.16121900088,0.76916126477,99.9025578563,0.777777777778,0.6,3.41609403255,0.0151515151515,2.67517614485,8.38535872017
Cell#032,160.8,132.1,0.0,1.47424558766,0.912767967345,99.8041615667,0.0714285714286,2.75,10.0360982084,0.0,2.07965771034,6.4469267209
Cell#033,163.7,103.4,0.0,1.69584090567,0.730016063266,99.7550820475,0.15,0.586206896552,1.50582737244,0.04,3.00651762304,11.8289756555
Cell#034,163.7,77.5,0.0,1.66041390229,0.313025793533,99.8819959541,0.604651162791,0.725,3.27648961984,0.00819672131148,1.91646713485,5.46700879665
Cell#038,189.5,100.5,0.0,1.55362383261,1.30197632824,99.939028108,0.115384615385,1.9,11.2378107846,0.0,3.00125030244,13.0709783023
Cell#047,258.4,109.1,0.0,1.59265282732,1.15252608464,99.9620517361,0.291666666667,1.38461538462,9.61682368775,0.0,2.6543630562,11.0560320828
Cell#048,258.4,94.7,0.0,1.37440375249,1.61765316833,99.1916859122,0.0,15.0,102.625544267,0.0,2.93201154141,10.8639166016
Cell#051,269.9,126.3,0.0,1.63612362097,0.692121227084,99.8547114985,0.277108433735,0.68253968254,2.08671665774,0.008,2.50335661752,8.93590603762
Cell#053,284.2,132.1,0.0,1.49897434927,0.235186904947,99.8675057966,0.71875,0.617647058824,3.64589489236,0.00819672131148,1.37715622454,3.50072350688
Cell#054,287.1,68.9,0.0,1.0074337717,1.11484586639,99.6897374702,0.333333333333,2.0,8.44189189189,0.0,1.06714790528,3.31375277395
Cell#055,301.5,57.4,0.0,1.739508619,0.544254837742,99.93400066,0.520833333333,0.972972972973,3.84638671875,0.00793650793651,3.03669909821,14.4815866927
Cell#056,310.1,112.0,0.0,2.02531556725,0.17914148157,99.9669111565,1.5,0.590909090909,5.89580573951,0.0,3.21638025327,14.4951543663
Cell#058,327.3,126.3,0.0,1.47644733094,1.67779567176,99.7049525817,0.4,1.33333333333,5.13644744929,0.0,2.00532376417,5.58922756058
Cell#059,333.0,97.6,0.0,2.06480059769,1.01335476596,99.960096995,0.2,3.0,33.7537627935,0.0,2.86081164298,9.28584134784
Cell#060,338.8,48.8,0.0,1.48725100509,0.690216378864,99.7434252726,0.111111111111,1.0,4.01792192322,0.00793650793651,1.71464750584,4.81537011605
Cell#062,347.4,66.0,0.0,2.39189209243,1.87651300453,99.9781951843,0.384615384615,2.0,18.9859066708,0.0,3.71214832601,14.9214381452
Cell#064,356.0,103.4,0.102564102564,1.72193568293,0.760762991658,99.8175182482,0.659090909091,0.351851851852,0.79052734375,0.105263157895,3.40578591136,16.9806100485
Cell#001,11.5,68.9,0.0,1.62295684035,1.62847770259,99.9651762084,1.83333333333,0.545454545455,9.01364038973,0.0,1.43696528575,3.57466887319
Cell#003,11.5,201.0,0.0,1.4947532365,1.41838010876,99.9263713339,0.5,1.4,13.3142911011,0.0,2.09093342573,6.97580612081
Cell#007,23.0,63.2,0.222222222222,1.88279262578,-0.109639700683,99.8988877654,1.31578947368,0.571428571429,3.86169417838,0.01,1.98718116884,5.38467172996
Cell#008,23.0,45.9,0.0,1.33062564611,0.598969768874,99.8917944094,0.511111111111,1.06060606061,4.30804560437,0.0,1.5343467898,4.81508175588
Cell#009,23.0,80.4,0.0,1.5387657189,0.722445389326,99.8912536896,0.366666666667,0.952380952381,5.08060304893,0.0,1.68918488635,4.46388613692
Cell#012,37.3,89.0,0.714285714286,1.74900916519,0.457007073087,99.9522635054,2.125,0.388888888889,6.24309627892,0.00900900900901,1.50146750004,3.65307165078
Cell#013,45.9,186.6,0.0,1.84273383457,1.9230710497,99.9350121852,0.4,0.555555555556,7.64004652064,0.0,2.45721307004,8.07205996301
Cell#014,45.9,20.1,0.0,1.62075229794,0.196868562177,99.8965873837,0.702127659574,0.538461538462,2.50119795826,0.0327868852459,1.88896695956,6.09216073296
Cell#015,45.9,57.4,0.5,1.89615755633,0.06479863792,99.9732065108,2.5,0.4,6.01153357443,0.00862068965517,1.92240318064,5.64330480055
Cell#018,57.4,54.6,0.121212121212,1.92098079679,-0.297123700784,99.95527228,1.28947368421,0.526315789474,2.56053073564,0.032,3.30546794778,17.105121453
Cell#019,60.3,11.5,0.0,0.923792318183,1.15422514668,99.9309074159,0.15,2.83333333333,18.6984452919,0.0,1.05422588016,3.76071100325
Cell#020,68.9,66.0,0.0,1.21036810484,0.908397018214,99.9083241657,0.18,1.68181818182,6.3287965616,0.0,1.74810914789,5.67053875379
Cell#021,68.9,25.8,0.0,1.58310698238,0.600488458377,99.8290232956,0.279411764706,0.705882352941,2.48350329934,0.0,1.96090876071,5.76399939358
Cell#022,68.9,106.2,0.0,1.09641426261,1.38830904687,99.8362910091,0.153846153846,2.75,28.2419928826,0.0,1.39032151221,4.28074382022
Cell#025,91.9,83.3,0.0,1.56338437833,0.84397621893,99.9632014719,0.423076923077,0.947368421053,6.66580478345,0.0,1.96828000403,6.15575001085
Cell#029,106.2,157.9,0.0,1.38587369606,1.39340504276,99.8948060487,0.333333333333,1.5,8.15814558059,0.0,1.719605661,4.7428267864
Cell#030,109.1,17.2,0.0,1.98151013873,1.7581387204,99.9662637054,1.83333333333,0.545454545455,8.42780653221,0.0,2.20586776595,6.23917372968
Cell#031,109.1,94.7,0.0,1.35992515095,0.834481461692,99.9852158486,0.448275862069,1.47058823529,7.47847153397,0.00892857142857,1.46435416385,4.00961834675
Cell#032,114.8,54.6,0.0,1.50432536033,0.567405512258,99.8048399688,0.614173228346,0.496350364964,1.14695691376,0.0697674418605,2.23679485552,7.99901918302
Cell#033,123.5,89.0,0.333333333333,1.59178570899,1.47843694946,99.9833822633,0.916666666667,0.916666666667,10.957292506,0.00793650793651,2.18993414961,7.613052007
Cell#034,126.3,117.7,0.0,1.80838465956,1.56188764624,99.9763691144,1.0,0.8,11.1761055081,0.00925925925926,1.85614159287,4.78919932419
Cell#035,126.3,68.9,0.0,1.78303220661,0.573999569625,99.9778393352,1.41666666667,0.705882352941,7.94358202039,0.0,2.68330097196,10.7416243315
Cell#037,137.8,45.9,0.222222222222,1.66215888299,0.363912513587,99.9730676003,1.11111111111,0.9,6.66254901961,0.00840336134454,2.08506759489,6.88437752621
Cell#038,140.7,86.1,0.114285714286,1.37671183666,0.98361537869,99.9596394457,0.371428571429,1.82352941176,8.38641257537,0.00787401574803,2.13130293519,6.78504972358
Cell#039,143.6,112.0,0.0606060606061,1.64781463449,0.154509537231,99.9152901313,1.01351351351,0.552083333333,1.67805190271,0.0625,2.66146600085,12.7829680568
Cell#042,163.7,129.2,0.0,2.27707082313,1.84510801625,99.9778785533,0.9,0.727272727273,9.48172527282,0.00970873786408,3.51656654905,14.2237546118
Cell#045,169.4,103.4,0.0,0.997533408642,1.32629796145,99.8969921714,0.166666666667,3.66666666667,34.540891145,0.0,1.31730055982,4.25169498638
Cell#047,175.1,186.6,0.0,1.69477871506,0.289902689464,99.887593087,0.685714285714,0.512820512821,2.93439292003,0.0258620689655,1.85989353477,5.53697709035
Cell#052,195.2,97.6,0.0,1.52464484979,1.54399080952,99.9487237922,1.5,0.666666666667,13.4482833081,0.0,1.27048628973,3.0880788315
Cell#053,201.0,126.3,0.0,1.06015168959,1.01632347598,99.9536357314,0.444444444444,2.25,33.6665024631,0.0,0.599231962759,1.67375654091
Cell#054,201.0,186.6,0.0,1.14171336919,1.09242955158,99.7699827487,0.32,2.0,10.8230933948,0.0,1.25754686486,3.73927586418
Cell#056,206.7,103.4,0.0,1.7681250089,-0.257467426516,99.9549904355,1.73333333333,0.518518518519,4.60250391236,0.0,1.7069788495,4.50770386938
Cell#057,212.5,57.4,0.25,1.61323661229,1.08099658341,99.9650074359,0.764705882353,1.0,6.90708243909,0.0104166666667,2.27228269637,8.25722972698
Cell#058,215.3,195.2,0.5,2.11184930916,0.962643321989,99.973632864,1.3,0.4375,6.77854016326,0.00917431192661,2.43358066945,7.62121483361
Cell#060,226.8,74.6,0.0,2.58501190728,0.0315249622226,99.9852136626,1.15,0.592592592593,4.67653306897,0.00847457627119,4.04851144498,20.4820077059
Cell#061,229.7,186.6,0.0,1.48615478734,1.68614350352,99.9142107388,0.363636363636,1.5,17.5246987952,0.0,1.96280751354,6.25117893857
Cell#062,235.4,57.4,0.0,2.14620818046,0.142538010802,99.9851983422,2.0,0.5,8.58365853659,0.0,2.40221398896,7.02022649752
Cell#065,246.9,40.2,0.833333333333,2.21583196056,1.52587374424,99.9779844791,2.16666666667,0.461538461538,6.34486927611,0.0126582278481,2.74078951589,9.31218155943
Cell#066,246.9,103.4,1.11111111111,2.20859398877,0.326146075876,99.9719620927,2.11111111111,0.4,5.93557930903,0.00847457627119,2.62917898259,8.68394346839
Cell#067,246.9,80.4,0.363636363636,2.03991166104,1.42713851602,99.9805598756,0.833333333333,0.833333333333,9.35809434258,0.018018018018,2.62352640906,8.74804799757
Cell#068,255.5,68.9,0.0,2.2909498749,2.11600083319,99.9757069284,1.5,0.666666666667,8.15605303195,0.0,2.9485041283,10.2589603875
Cell#070,264.1,86.1,0.190476190476,2.05651600344,-0.494439014739,99.9616809299,1.85714285714,0.428571428571,2.88532089316,0.0178571428571,2.42106254906,7.86633269228
Cell#073,284.2,34.5,0.0,1.22110213522,0.832704292417,99.8066387367,0.230769230769,0.931034482759,2.41642888024,0.015873015873,1.65725467938,5.27854251277
Cell#074,284.2,132.1,0.0,1.8972588269,1.2389694586,99.923189185,0.714285714286,0.846153846154,6.84626540972,0.0,2.39424419607,7.59794260986
Cell#075,284.2,109.1,0.0,1.91739782435,0.949500479133,99.9620637329,0.823529411765,1.06666666667,7.71094539939,0.00934579439252,2.65269879392,8.99617978005
Cell#076,287.1,77.5,0.649484536082,1.84781000451,-0.142637075179,99.9607227023,1.48571428571,0.338461538462,0.862226643963,0.178294573643,2.47421396625,9.26087729796
Cell#077,295.7,143.6,1.08695652174,2.44844972272,-0.455498119283,99.9458092486,1.88,0.309090909091,2.35762579418,0.0555555555556,3.2622090694,13.8944503152
Cell#079,304.3,40.2,0.695652173913,2.16522831833,-0.69520793481,99.9452054795,1.79166666667,0.45652173913,2.97151991923,0.0409836065574,2.83144426463,10.7842404671
Cell#082,307.2,60.3,0.0,1.71156807442,0.815017185427,99.9405570652,0.407407407407,0.9,6.1017868255,0.0,2.42992314232,8.21260674369
Cell#083,310.1,103.4,0.0,1.58551483687,1.8249687999,99.980563654,0.75,1.33333333333,19.954723127,0.0,2.74340035696,9.55749632429
Cell#088,333.0,134.9,0.0,1.69682974296,0.213641867831,99.9428897773,0.866666666667,0.6,3.34127940483,0.00909090909091,2.10016426815,6.73530386906
Cell#089,333.0,117.7,0.0,1.43101018456,0.539796847003,99.8468215471,0.523076923077,0.867924528302,2.74778034643,0.008,1.91418401724,6.17298019929
Cell#091,335.9,155.0,0.357142857143,2.09926649556,0.272267886489,99.9446167479,1.57142857143,0.5,3.17607026984,0.0142857142857,2.80115904685,10.1797194942
Cell#092,344.5,91.9,0.0,1.441677762,1.25177796424,99.9336429993,0.411764705882,2.0,15.4132057863,0.0,1.56022635209,4.00711612141
Cell#093,344.5,134.9,0.142857142857,1.90232287001,0.0359866134473,99.9320928969,0.903225806452,0.594594594595,3.48138645739,0.025,2.15237743633,6.34036986341
Cell#095,356.0,201.0,0.0,2.01147475233,1.99661367993,99.9342159362,0.666666666667,0.875,11.3078512397,0.0,2.85871995309,10.0180273378
Cell#096,356.0,120.6,0.0,1.28677132043,1.27610696725,99.9585749793,0.333333333333,2.11111111111,14.0505583756,0.0,2.00548953037,7.10761268505
Cell#001,8.6,106.2,0.0,1.80261977132,1.47682808939,99.9008779383,0.210526315789,2.83333333333,19.5762564991,0.0,2.98203735044,11.6358466574
Cell#003,14.4,155.0,0.0,1.40265795981,1.51748510451,99.8857795545,0.0714285714286,1.5,17.4528767123,0.0,1.38078204086,3.56910672881
Cell#004,17.2,229.7,0.307692307692,2.34102540429,1.05431678126,99.9376688136,0.733333333333,0.444444444444,4.6895711501,0.021978021978,3.3394086352,13.847054932
Cell#005,17.2,189.5,3.5,3.78941369305,0.530297924367,99.9860182229,2.83333333333,0.15,5.19536957966,0.0277777777778,4.36888678822,19.9898181747
Cell#006,17.2,117.7,1.14285714286,1.65911880467,1.36949191585,99.6768982229,1.625,0.4,1.11438321537,0.0769230769231,1.88990209494,5.68945335003
Cell#007,20.1,83.3,0.0,1.65438310712,0.248131614804,99.9641691217,1.4,0.5,14.3977913534,0.0,1.62134989672,4.10249954281
Cell#009,23.0,60.3,0.216216216216,2.35639831348,0.117292878005,99.9890470975,0.6,0.358490566038,2.24097349558,0.0243902439024,2.84187761218,9.96420108357
Cell#011,25.8,166.5,0.0,1.73643936208,1.00406838351,99.9576181394,1.08333333333,0.5625,6.78984501504,0.0,1.90046216461,5.47938517345
Cell#012,28.7,103.4,0.0,2.25774273586,0.516692600607,99.9597066645,0.340909090909,0.512820512821,2.79012616086,0.0173913043478,3.55753410485,16.3662467787
Cell#014,34.5,83.3,0.567901234568,2.83287627396,0.154752774565,99.9255287459,1.075,0.174528301887,0.592685884081,0.224,5.19084790924,36.5907131989
Cell#019,51.7,149.3,1.42857142857,1.72564121746,1.63133703244,99.9456521739,1.25,0.636363636364,7.38322938323,0.0253164556962,1.78065327892,4.81359060316
Cell#020,51.7,206.7,0.0,1.41166773426,1.32319559091,99.8962324393,0.388888888889,1.27272727273,10.0285522338,0.0,1.85972898024,6.51842563146
Cell#021,51.7,134.9,0.290322580645,2.54851198524,0.308397101161,99.8914420119,1.0,0.194312796209,0.596225966841,0.192,4.79343724705,30.3670748302
Cell#022,60.3,80.4,0.0,1.41664392657,1.31197701526,99.867977116,0.4375,0.916666666667,9.67174660093,0.0,1.46291093988,4.3719718429
Cell#023,63.2,109.1,0.615384615385,2.16110579175,0.226345282547,99.9380728264,1.23529411765,0.310344827586,2.451901566,0.0422535211268,2.39880500272,7.68812914103
Cell#024,66.0,206.7,0.0373831775701,1.79263487003,0.643231049427,99.7604529617,0.395348837209,0.44,1.11838981074,0.0697674418605,3.5376681928,17.8626935877
Cell#027,74.6,89.0,0.571428571429,1.93339989772,1.8955908922,99.9545572579,1.14285714286,0.666666666667,7.61395446,0.0147058823529,2.26727656575,6.6914649205
Cell#031,91.9,229.7,0.0,1.87816623196,1.87430437448,99.9035059505,0.555555555556,0.555555555556,8.47691713347,0.0,2.07774260491,5.63072030273
Cell#035,100.5,152.2,0.333333333333,2.35810744091,1.59412121747,99.9202671052,0.666666666667,0.818181818182,7.2008012018,0.0126582278481,3.25130236138,12.6405478467
Cell#037,103.4,212.5,0.264705882353,3.39565594154,-0.0825712810745,99.9612152553,0.979166666667,0.283783783784,1.50576073816,0.0917431192661,5.79422816502,40.6088814427
Cell#039,109.1,74.6,0.0,1.41123183418,1.68700390683,99.7314234557,0.0,4.0,35.4785564854,0.0,2.49005729173,8.57591210703
Cell#040,114.8,134.9,2.66666666667,3.80981760165,-0.332376509593,99.9950107269,2.23076923077,0.135135135135,2.11686017163,0.0487804878049,4.4396264051,21.2128912986
Cell#042,120.6,120.6,0.0,2.28677339708,2.1655722586,99.971999776,1.6,0.3,10.6704715569,0.0,2.7207970103,8.79380490593
Cell#044,126.3,94.7,2.0,2.84033846644,2.09644204845,99.9887308707,2.75,0.25,9.93340839633,0.00826446280992,3.15577810763,11.0857370669
Cell#047,129.2,80.4,2.44444444444,3.78548254513,-0.821092213103,99.9709745302,2.13333333333,0.175,3.02284119928,0.0322580645161,4.45661659881,21.7089547382
Cell#048,132.1,198.1,0.0,1.43091099166,1.40260865409,99.9473511023,1.33333333333,0.75,14.0023877746,0.0,1.18404212525,2.68026468544
Cell#052,137.8,123.5,0.0,1.38497613189,0.857832996927,99.9025594387,1.0,1.0,14.6894787336,0.0,1.36489873409,3.48193223545
Cell#054,143.6,160.8,0.75,3.56349835964,0.685054459,99.9858697188,1.0,0.142857142857,5.08787904819,0.0169491525424,4.22787239492,19.1839911528
Cell#055,146.4,195.2,1.22222222222,2.58611906865,0.354481234048,99.9694703099,1.6,0.238095238095,4.63894023413,0.0194174757282,2.79702751568,9.22451562485
Cell#057,149.3,91.9,0.0961538461538,2.14617116723,0.138487321356,99.9245852187,0.949152542373,0.40243902439,1.63175108283,0.0645161290323,3.26241907296,14.4994197971
Cell#060,157.9,77.5,0.0,1.30954455957,0.813762716484,99.9010227648,0.288888888889,1.14814814815,4.79892383576,0.0,1.75078052507,5.72354078144
Cell#061,160.8,201.0,0.0,1.85603463077,1.65981670386,99.8919464054,0.7,0.545454545455,7.157965645,0.0,1.93256651728,5.01757916496
Cell#064,166.5,34.5,0.0,2.41457479147,2.14020216506,99.9406660239,0.25,1.14285714286,11.1766162992,0.0119047619048,3.32211301905,12.1201275047
Cell#065,169.4,83.3,2.33333333333,3.08749211117,2.5020785965,99.9858645256,3.33333333333,0.181818181818,6.8948542024,0.0125,3.37407665478,11.7342229266
Cell#066,172.3,189.5,0.0,1.07255739438,1.25517503471,99.5715597266,0.0625,7.5,51.0300353357,0.0,0.890745281649,2.29487834854
Cell#067,178.0,109.1,0.0,1.61845451983,0.919861498531,99.9414477055,0.473684210526,0.866666666667,8.07154585972,0.0,1.61273537534,4.59716899028
Cell#069,183.8,129.2,0.0,1.97214157096,0.418642182434,99.9653078925,0.714285714286,0.5,9.79883990719,0.0121951219512,2.32595315161,7.03489814634
Cell#070,183.8,34.5,0.761904761905,2.38846812478,-0.0385439687897,99.8838896952,1.07142857143,0.234042553191,1.51185602842,0.0821917808219,2.90665131236,10.7622252476
Cell#071,186.6,91.9,0.857142857143,2.38518072589,1.68127082023,99.9706474337,1.25,0.285714285714,5.78490961488,0.0232558139535,3.18517916195,12.1433228341
Cell#073,189.5,54.6,1.33333333333,2.47719240597,0.611791931386,99.9773174051,1.875,0.277777777778,6.5788590604,0.016393442623,2.72740188354,9.18500913061
Cell#075,195.2,129.2,0.576923076923,2.60813519081,-0.469415303027,99.9444341545,1.46875,0.253968253968,1.97178545187,0.0564516129032,3.18563024104,12.7407609551
Cell#076,195.2,103.4,0.565217391304,2.01373037223,-0.38813856571,99.9298245614,1.5,0.326530612245,2.58188472095,0.0325203252033,2.00727851171,5.60744088071
Cell#077,198.1,80.4,2.57142857143,2.06560463952,-0.285667982176,99.95871749,2.55555555556,0.28,4.87508658508,0.0330578512397,2.00954849945,5.67066868933
Cell#079,206.7,63.2,1.10344827586,2.43610768719,-0.569164102679,99.9541788856,2.09375,0.285714285714,1.7299985302,0.0645161290323,3.87653648228,22.7111186769
Cell#080,209.6,129.2,0.0,1.46604093237,0.932246174395,99.940067923,0.5,1.0,12.7074829932,0.0,1.36355481342,3.19521870476
Cell#083,218.2,80.4,0.5,1.72082980406,1.64614681877,99.9569839612,1.125,0.888888888889,11.5170111972,0.01,1.66372160067,4.22272159994
Cell#084,218.2,175.1,0.0,2.44315184927,0.925013364975,99.9625888515,0.923076923077,0.315789473684,4.18848018249,0.0117647058824,3.20641344222,12.7535279195
Cell#085,218.2,112.0,0.384615384615,1.79919772269,1.3071227439,99.9358820229,0.642857142857,0.916666666667,7.37314585909,0.0116279069767,2.10398719247,6.16423150089
Cell#086,221.1,51.7,0.75,2.26217034926,1.03667186147,99.9612724758,0.916666666667,0.533333333333,6.87469556746,0.018691588785,2.35854445011,6.67963528634
Cell#089,223.9,91.9,0.0,2.25881200332,1.11738917331,99.9557186235,0.916666666667,0.4375,5.08287355028,0.0116279069767,2.52201604802,7.75613149493
Cell#091,232.6,103.4,1.66666666667,2.99425945661,2.47117231855,99.9810138599,1.16666666667,0.3,8.07913269088,0.0235294117647,3.340377713,11.5885366755
Cell#092,238.3,57.4,1.30769230769,3.14209533667,-0.782088720311,99.9602633969,2.22222222222,0.208333333333,2.51291484033,0.0409836065574,3.97606943357,18.3371741779
Cell#093,241.2,172.3,0.392857142857,2.87944082133,-0.0195771421827,99.9397263577,0.764705882353,0.276595744681,2.24308829631,0.0535714285714,4.18003758344,21.7355770276
Cell#094,241.2,132.1,0.0,2.59686564259,0.977367686738,99.9537946171,1.09090909091,0.352941176471,4.60682937273,0.0365853658537,2.91759356184,9.51006912932
Cell#095,244.0,34.5,0.32,2.22176829831,-0.482729179933,99.931372549,1.48148148148,0.34,2.61091151524,0.0390625,2.73484234957,10.227770268
Cell#096,246.9,109.1,0.0,1.97185995319,1.87280071857,99.9440689816,0.7,0.888888888889,10.2251900555,0.010752688172,2.76248018445,9.65639301857
Cell#097,246.9,83.3,0.0,2.50179001354,2.18868224832,99.9767144021,1.14285714286,0.25,8.32067901235,0.00943396226415,3.04776936602,10.7158242163
Cell#098,252.7,152.2,0.0,2.27983702206,1.36173996555,99.9620205089,0.833333333333,0.466666666667,4.58736739422,0.0142857142857,3.09556129257,11.84888065
Cell#101,264.1,198.1,0.5,2.76312353053,0.242256912228,99.9710216923,1.0,0.25,4.8254663545,0.016,3.09376034029,11.0880373659
Cell#102,264.1,223.9,0.666666666667,2.28899421241,1.83111337831,99.9104611252,1.0,0.5,2.35130922693,0.0384615384615,3.19898378597,12.0758326003
Cell#103,269.9,5.7,0.0,2.72530944038,0.0741295588134,99.9716499716,1.15789473684,0.28125,3.47598965362,0.0252100840336,3.78366670433,17.5769471589
Cell#105,272.8,80.4,0.0,1.77124568991,1.74643093777,99.9804792348,0.875,0.666666666667,11.8355170329,0.0,1.64518273126,4.03126708844
Cell#106,272.8,149.3,0.0,1.22449318029,1.39623902944,99.8936735779,0.153846153846,2.0,20.1373906706,0.00980392156863,1.09302912097,2.90742058782
Cell#108,278.5,106.2,0.0,1.80746012232,1.05396506485,99.9072233267,0.24,1.06666666667,7.33251533742,0.0,2.54255461488,8.91907200705
Cell#110,281.4,169.4,0.444444444444,1.80368872526,1.92326988461,99.9489083416,0.555555555556,1.33333333333,18.8308623298,0.0,2.77728187011,9.60933948962
Cell#111,287.1,63.2,3.28571428571,3.960247303,-0.822189021057,99.9753924898,2.7,0.138461538462,1.50898532301,0.07,5.95741014887,41.5242254754
Cell#112,287.1,40.2,2.0,2.87171262273,2.08957265774,99.9806585755,2.2,0.333333333333,4.75312199808,0.0178571428571,3.56253548751,13.5772013332
Cell#113,287.1,80.4,0.642857142857,2.31971134901,0.622098160144,99.9847211612,0.875,0.428571428571,5.16404222184,0.0176991150442,2.94999953609,10.9988359493
Cell#114,290.0,198.1,1.875,2.6710519508,0.0783208736491,99.9741267788,1.74545454545,0.148288973384,0.48259088403,0.211382113821,4.26787644172,22.6132957854
Cell#115,292.9,97.6,5.1,3.63442735672,-1.14102122998,99.993609407,4.72727272727,0.0862068965517,1.45544197628,0.0804597701149,4.38866710188,23.1001265656
Cell#117,304.3,143.6,1.6,3.01662249431,1.74507520848,99.9860051781,1.83333333333,0.307692307692,8.80175695461,0.017094017094,3.46652581362,13.1367043688
Cell#119,304.3,166.5,2.18181818182,2.33852573482,-0.458885752043,99.9721390263,2.21428571429,0.285714285714,3.57295740982,0.0322580645161,2.64808022229,9.15230968723
Cell#120,310.1,57.4,0.772727272727,2.8826380889,-0.404140424125,99.9649327878,1.30303030303,0.245901639344,2.04198068949,0.0634920634921,4.85580705731,30.8961119954
Cell#122,321.6,74.6,2.5,2.80449264147,0.450133340867,99.9837299166,2.28571428571,0.210526315789,5.7118964659,0.0267857142857,2.88072956094,9.26154211643
Cell#123,324.4,229.7,0.2,2.04161525214,0.234565676496,99.7844827586,0.77380952381,0.295652173913,1.05063388873,0.0854700854701,2.75719247369,10.0645914438
Cell#125,330.2,80.4,1.45454545455,3.21602597286,-0.393532652302,99.9808002458,1.8,0.272727272727,3.81948000228,0.0234375,4.08895337622,18.9498250397
Cell#127,338.8,132.1,0.333333333333,2.14407766445,0.428693558134,99.9451754386,1.14285714286,0.5,5.19023569024,0.00970873786408,2.23728842331,6.29716731455
Cell#128,338.8,229.7,0.7,1.70156247017,0.923336129711,99.9614098276,0.785714285714,0.470588235294,6.67967828418,0.00840336134454,1.93095548527,6.04311722531
Cell#129,341.7,77.5,0.0,1.73169553025,1.54038178152,99.9064391855,0.384615384615,1.25,14.2482619421,0.0,1.9966986137,5.39862381488
Cell#130,344.5,155.0,0.41935483871,1.95145908176,0.430178204425,99.7869750456,0.737288135593,0.314102564103,0.864132039894,0.120967741935,2.95516791994,11.4762257794
Cell#131,347.4,51.7,1.19047619048,2.31696108322,-0.582553074283,99.9502734958,1.8,0.320754716981,2.35921741919,0.0588235294118,3.08191204545,12.5665810364
Cell#133,356.0,155.0,0.443661971831,1.59741414324,0.745652630957,99.7681351441,0.575418994413,0.349282296651,0.699170296964,0.125984251969,3.75590875469,22.5337579947
Cell#135,361.8,180.9,0.0,1.66881407165,0.465074476522,99.8500545256,0.418604651163,0.794117647059,3.90350922797,0.0078125,2.09185937193,6.66653118132
Cell#136,364.6,112.0,0.0,1.80480055827,0.789586255466,99.9416611974,0.608695652174,1.05555555556,6.9678961039,0.0,2.7025396253,10.5850623183
Cell#137,364.6,229.7,0.384615384615,1.65333795464,0.884002101317,99.942250776,0.857142857143,0.529411764706,6.89345411409,0.00826446280992,1.73143546363,4.88641668121
Cell#001,8.6,97.6,0.0,1.66277042951,0.365573217943,99.8876264203,0.72,0.653846153846,4.56109447887,0.017094017094,1.8426913372,5.19230056572
Cell#006,23.0,51.7,0.0,1.33832522756,1.26682220044,99.932295193,0.4375,1.875,12.5744431419,0.0,1.43910021423,3.78710888215
Cell#007,31.6,100.5,0.321428571429,1.88847719713,0.226557477571,99.9702558001,0.933333333333,0.8125,4.488213289,0.0236220472441,2.71292075268,10.2428225216
Cell#009,37.3,34.5,0.0,2.17280476836,0.925413474332,99.9609927349,0.5,0.588235294118,6.58205505358,0.00847457627119,2.7960255476,10.041181071
Cell#011,43.1,66.0,0.0,1.38330779924,1.2414024427,99.9542438801,0.8,1.07692307692,10.0889451728,0.0,1.79441764044,6.26648788682
Cell#012,57.4,103.4,0.0,0.994064580731,1.20268432468,99.881164587,0.461538461538,2.16666666667,17.3716302953,0.0,0.939134054997,3.07735832485
Cell#013,60.3,28.7,0.173913043478,1.20020015532,1.13253166517,99.8953853307,0.347826086957,2.1,12.2734016249,0.00833333333333,1.34004212346,3.8342344922
Cell#014,66.0,51.7,0.0,1.24587738384,1.17509118458,99.9392097264,0.714285714286,1.0,9.55747663551,0.0,0.887417782531,2.27943165465
Cell#015,66.0,83.3,0.0,1.16528396515,1.12806325837,99.8977040236,0.3,2.25,11.4833729216,0.0,1.74105752981,6.27233380979
Cell#017,74.6,109.1,0.134328358209,1.73036767909,0.426026199459,99.9786643909,0.746666666667,0.47191011236,1.58691663343,0.062015503876,2.63609438981,11.007762128
Cell#018,83.3,68.9,1.04545454545,2.57814374041,-0.0750591852089,99.9911221591,1.4347826087,0.4,2.47432357813,0.0625,3.37545560693,13.8364282421
Cell#019,91.9,103.4,0.466666666667,1.71519200582,-0.00601225541269,99.8517263292,0.928571428571,0.402597402597,1.80383886256,0.0542635658915,1.98463623314,6.4498850098
Cell#020,97.6,86.1,0.346153846154,1.97068740131,0.155536690645,99.9448610498,0.741935483871,0.542857142857,3.59909748218,0.0238095238095,2.44874348942,8.03690144437
Cell#021,97.6,54.6,0.279069767442,2.28654516519,0.123426750589,99.9348897777,0.68,0.555555555556,2.5727409891,0.0230769230769,3.56961285959,16.7970919839
Cell#023,109.1,54.6,0.0,0.948645934003,1.26052011687,99.6933052927,0.117647058824,3.75,28.4398595259,0.0,1.19479533147,4.50995482917
Cell#024,117.7,34.5,0.75,2.37264360289,0.159262222898,99.9756180816,1.75,0.5,5.34889821616,0.0176991150442,3.4835478743,15.4669696209
Cell#025,117.7,57.4,0.0,1.41623515029,0.852625455816,99.8811881188,0.186046511628,1.0,2.7727408787,0.016,2.44243853477,9.96527327286
Cell#026,126.3,91.9,0.360465116279,1.88268750728,0.441395178028,99.8918918919,0.648148148148,0.369230769231,1.09055258467,0.0787401574803,2.77558809221,10.557466626
Cell#028,129.2,77.5,0.0609756097561,1.80873360168,0.524376680208,99.8455200824,0.52,0.461538461538,1.34522528581,0.0708661417323,2.81054631252,10.7310224606
Cell#029,140.7,77.5,0.0,1.86111346599,-0.116168096775,99.9306839187,1.41176470588,0.464285714286,4.15006347297,0.0175438596491,1.85567212175,4.87966888534
Cell#030,143.6,37.3,0.0,1.09054823969,1.25240437416,99.7825141366,0.125,3.5,30.7238137869,0.0,0.780713696859,2.25926290612
Cell#032,146.4,57.4,0.0,1.78885959764,0.422630961959,99.9297964096,0.48,0.541666666667,4.92067254277,0.00813008130081,1.8012396289,4.76226891795
Cell#033,155.0,28.7,0.0,1.53795110863,1.44951365717,99.9194337342,0.294117647059,1.44444444444,13.443628424,0.0,2.1231289994,6.98002537892
Cell#034,155.0,77.5,0.196078431373,1.54825700968,0.517006035795,99.8116760829,0.5,0.730769230769,2.52378985058,0.0260869565217,2.0419269086,6.48160765638
Cell#035,157.9,48.8,0.0,2.00844743403,1.57764671045,99.9571275456,0.0454545454545,3.6,24.4259321465,0.0,4.09475943787,18.5849190197
Cell#036,157.9,103.4,0.192307692308,2.76675451345,-0.168777231988,99.9669683557,1.08571428571,0.43137254902,2.61396084781,0.0241935483871,4.44279312061,24.2121288466
Cell#038,172.3,109.1,0.375,1.60617958912,-0.0808435385489,99.8790322581,1.05263157895,0.591836734694,2.97176534032,0.0232558139535,1.62717469504,4.58409766532
Cell#039,172.3,48.8,0.0,1.073789768,1.3081872162,99.8886605002,0.125,2.6,20.6573311367,0.0,1.09689111992,3.20316981189
Cell#040,175.1,34.5,0.416666666667,1.68271869898,0.85256327239,99.9483737739,1.07692307692,0.8,7.46247438525,0.00943396226415,1.78490791782,4.98940652034
Cell#042,183.8,103.4,0.181818181818,1.99298213755,-0.0234505777253,99.9369482976,1.0,0.428571428571,3.3358394663,0.0175438596491,2.48344242918,8.63531736459
Cell#043,186.6,43.1,0.0,1.34082348309,0.81490279762,99.8996185505,0.272727272727,1.0,3.55655670203,0.0,1.80522467505,5.76540977119
Cell#045,195.2,60.3,0.0,1.61248594565,0.646349102329,99.917218543,0.545454545455,1.04,4.81219387382,0.0,2.38767999717,8.26135313997
Cell#046,195.2,114.8,0.0,1.72630157991,0.71375390322,99.9506984388,0.7,0.619047619048,5.02729010951,0.0,2.33516413844,8.66685300699
Cell#048,203.8,97.6,0.105263157895,1.38292643238,0.799096324763,99.8709885502,0.421052631579,1.07692307692,4.3126017363,0.0194174757282,1.9128513283,6.58822016497
Cell#049,206.7,43.1,0.0,1.90116247312,1.73918730993,99.9394168875,0.1875,1.11111111111,12.3526424676,0.0,2.96769540749,11.2841848193
Cell#050,206.7,86.1,0.133333333333,1.56967573816,0.874982799513,99.8992138682,0.454545454545,1.4,6.30457600589,0.00900900900901,2.82040047774,12.6631731101
Cell#051,212.5,57.4,0.0,1.10670091191,1.27226793836,99.7549250636,0.0833333333333,5.5,40.4457193292,0.0,1.22516220312,3.10146980585
Cell#052,218.2,143.6,0.0,1.2328494321,1.3087862803,99.7904609858,0.142857142857,2.0,13.3948535936,0.00943396226415,1.57808119817,4.71187041795
Cell#053,221.1,112.0,0.0,1.54757247703,1.0647118171,99.8887272105,0.233333333333,1.84615384615,9.87962716378,0.0,2.31979988192,7.86718555024
Cell#054,221.1,91.9,0.0,1.98896225625,1.12015876513,99.9531054606,0.75,0.866666666667,7.86154408183,0.0,2.87017972258,11.1163733443
Cell#055,223.9,45.9,0.16,2.07407350107,0.096680506238,99.9508889107,0.892857142857,0.514285714286,3.40647273111,0.0263157894737,2.51955002918,8.58499467189
Cell#056,229.7,129.2,0.0,2.81052841446,1.78622348655,99.9746956448,0.538461538462,0.666666666667,8.26180624911,0.0,4.03098604219,17.2350320689
Cell#057,232.6,71.8,0.0,1.8118968606,0.727019298576,99.9484048499,0.454545454545,1.06451612903,4.51426061493,0.0,3.93436118893,22.2889191319
Cell#059,235.4,97.6,0.0759493670886,1.43284963622,0.710473148073,99.7981545559,0.358695652174,0.736111111111,1.98040904198,0.032,2.09887288473,7.19885516293
Cell#061,246.9,126.3,0.0,1.11196182229,1.30989926006,99.8536005124,0.142857142857,3.0,24.4848351648,0.0,1.03475345345,2.69851357903
Cell#062,249.8,91.9,0.375,2.16672962955,0.591010424277,99.9500024999,0.888888888889,0.545454545455,5.32772277228,0.0166666666667,3.48248738659,16.2886670941
Cell#063,249.8,48.8,0.0,1.43284945594,1.1704473337,99.9403849429,0.526315789474,1.07142857143,8.32566949706,0.0,1.8744636159,6.3077576298
Cell#065,258.4,66.0,0.0,1.18585478403,1.37338733507,99.869351368,0.294117647059,2.14285714286,17.0061318344,0.0,1.63161531686,5.60142894234
Cell#066,261.3,86.1,0.0,1.31042948742,1.10628518722,99.9260042283,0.344827586207,2.0,10.1407556966,0.0,2.06360810985,8.2017217636
Cell#067,264.1,112.0,0.190476190476,1.54550315501,0.656161938523,99.9494906979,0.857142857143,0.95,6.56655098021,0.00813008130081,2.30446660463,9.34705344226
Cell#068,275.6,54.6,0.0,1.54121190904,0.834946283657,99.9114708486,0.255813953488,1.07692307692,4.63612070651,0.0168067226891,2.23585941521,7.71400882709
Cell#069,275.6,86.1,0.125,1.78443505852,0.748549450501,99.925100646,0.352941176471,1.0,5.48976174165,0.008,2.55657189757,8.82149100059
Cell#070,275.6,112.0,0.0,1.95241695909,0.839688764127,99.9428104575,0.369565217391,1.33333333333,5.15651371308,0.0,4.19884495856,22.5219670325
Cell#072,287.1,86.1,0.0,1.39510334148,0.986339610301,99.9025697235,0.0952380952381,1.70588235294,7.19684886209,0.0,2.15067665469,7.30547683829
Cell#073,295.7,66.0,0.0,1.62091130143,0.820310241657,99.847594165,0.305555555556,1.35,6.21190815237,0.00862068965517,2.30970602665,7.97956588256
Cell#075,304.3,97.6,0.0,1.25431134629,1.36012914324,99.9517607332,0.136363636364,1.5,11.9454867257,0.0,1.66964997625,5.66414228469
Cell#076,310.1,57.4,0.0,2.30216811899,0.886051697419,99.9211595609,0.5,0.5,5.18194747322,0.00961538461538,2.66844447453,8.48408980444
Cell#077,310.1,112.0,0.0,1.21089943604,1.14462915454,99.859928887,0.166666666667,2.88888888889,14.5861587555,0.0,1.73863234775,5.98588125481
Cell#078,315.8,143.6,0.238095238095,1.88491986194,0.337003115917,99.9209277807,0.8,0.551724137931,4.27717764596,0.008,2.30431299818,7.53167885452
Cell#079,318.7,100.5,0.0,1.8325934949,0.782476390079,99.8737074749,0.3,0.857142857143,5.40086594232,0.00847457627119,2.54003655969,9.06288436264
Cell#081,327.3,146.4,0.0,1.61527110326,0.770645010244,99.8040039199,0.333333333333,1.0,4.51189434323,0.0210526315789,1.96224163573,5.80311980985
Cell#082,327.3,54.6,0.208333333333,1.98847498739,0.559114829405,99.9247162381,0.444444444444,0.5,4.59104822801,0.00793650793651,3.30212434812,15.5784430431
Cell#083,330.2,91.9,0.384615384615,1.50301177108,1.18223883652,99.9324425762,0.666666666667,0.785714285714,8.36902757996,0.00833333333333,1.7273961426,5.18334528237
Cell#085,344.5,134.9,0.0,1.77588271735,0.539850235339,99.8629283489,0.473684210526,0.931034482759,4.33337392681,0.0166666666667,2.44684581081,8.46512790554
Cell#086,356.0,169.4,0.0,1.34289690192,1.1766854469,99.8827941866,0.208333333333,2.22222222222,11.3686457121,0.0,1.78606888664,5.15297170959
Cell#001,5.7,143.6,0.114285714286,1.58792534601,0.775819838426,99.7738196211,0.351351351351,1.08333333333,4.46146081188,0.00980392156863,2.32867861552,8.17414859264
Cell#002,8.6,80.4,0.0,1.18706954959,1.2277371273,99.736558496,0.166666666667,2.0,13.9919354839,0.0,1.06421694648,2.62520697266
Cell#003,11.5,66.0,0.0,1.24142398784,0.916502751894,99.7677119628,0.155172413793,0.970588235294,2.18113280965,0.015625,2.43929436808,10.1498345355
Cell#004,14.4,129.2,0.0,1.81988115361,0.559704627873,99.8664238009,0.377777777778,0.878787878788,3.94573643411,0.0161290322581,2.84910034733,10.8464461517
Cell#005,14.4,5.7,0.0,1.74658325492,0.859290224466,99.8418972332,0.216216216216,1.14285714286,5.86834986474,0.0,3.30570071094,14.1221448034
Cell#007,23.0,114.8,0.0,1.91257342517,0.496479823644,99.9055145164,0.529411764706,0.793103448276,4.19323312921,0.0,3.0246253479,13.3089126123
Cell#008,25.8,143.6,0.0,1.7926615685,1.02808246195,99.8994974874,0.21875,1.6,8.40709498498,0.0,2.85452336702,11.0302104392
Cell#009,34.5,91.9,0.0454545454545,1.74946062219,0.586957590528,99.7909407666,0.422413793103,0.556603773585,1.44914461374,0.0852713178295,3.18300292237,14.5305712216
Cell#010,37.3,40.2,0.0,1.77217843593,0.812947733576,99.8986143968,0.5,1.21052631579,6.47791278139,0.00854700854701,2.65365698845,10.1607910362
Cell#011,37.3,17.2,0.0,1.31123767821,1.39281668988,99.7254632807,0.0769230769231,6.0,48.9014336918,0.0,1.37598934695,3.21082692444
Cell#012,40.2,109.1,0.8,2.51243986679,-0.0332377133721,99.9221082695,1.15789473684,0.294736842105,1.28658164045,0.0683760683761,3.79849737282,18.4887697233
Cell#013,43.1,71.8,0.0,1.25268162249,0.912242920786,99.8489425982,0.325,1.40909090909,5.62678306961,0.0,1.66980626955,5.35726807196
Cell#015,51.7,103.4,0.0,1.9027212757,-0.054589426784,99.9101258238,0.846153846154,0.333333333333,3.39595129528,0.015625,2.07463321776,6.45553936194
Cell#016,51.7,66.0,0.0,2.07828170232,0.634943836347,99.9228989977,0.461538461538,0.652173913043,4.30937861829,0.03,2.71021511695,9.41897236882
Cell#017,54.6,86.1,0.0833333333333,1.91145039157,0.213512712301,99.9119589142,0.737704918033,0.413333333333,1.74488965484,0.0322580645161,2.7891176111,12.2458084507
Cell#018,60.3,57.4,0.222222222222,1.70603799007,0.737953943543,99.9511289219,0.65,0.833333333333,6.28661385334,0.00900900900901,1.87889999467,5.26732977915
Cell#020,71.8,74.6,0.947368421053,2.37696960687,-0.284285674492,99.9549468373,1.9,0.380952380952,2.58359029361,0.0291262135922,3.07120719457,12.6072272708
Cell#022,71.8,48.8,0.0869565217391,1.94588445005,0.237609593124,99.8483699773,0.542372881356,0.467741935484,2.09887143555,0.064,2.66320010635,9.82472150491
Cell#023,71.8,89.0,0.3125,2.6280879837,0.402874039893,99.9543561362,0.947368421053,0.608695652174,4.35596120936,0.0105263157895,3.74286393239,16.8419104443
Cell#024,80.4,28.7,0.666666666667,1.81167610631,1.769641545,99.9292695473,1.16666666667,0.857142857143,10.6221374046,0.013698630137,1.92120081371,4.85186499415
Cell#027,91.9,74.6,0.0,1.89354629319,0.164544742674,99.8919211024,0.547619047619,0.382978723404,2.54715992062,0.032,2.14229526708,6.58356541763
Cell#028,94.7,57.4,0.0,1.09347375379,1.31943571001,99.9171499586,0.6,1.66666666667,16.5,0.0,0.921099409754,3.10122173131
Cell#029,94.7,91.9,0.0,1.17394410315,1.21447174137,99.8986828774,0.181818181818,2.25,15.6662913758,0.0,1.29506689751,3.80168352509
Cell#030,103.4,17.2,0.0,1.91966008955,2.00255127552,99.9256505576,0.272727272727,3.66666666667,29.6862619808,0.0,2.81452930822,9.31641519037
Cell#031,103.4,54.6,0.0,1.60964018632,0.96754512861,99.9370326643,0.32,1.0625,7.67909542195,0.0,2.01757315701,6.43985459114
Cell#032,103.4,71.8,0.0,1.97029034412,1.31849767031,99.8973155347,0.529411764706,0.857142857143,5.35874938211,0.0,3.16043111424,12.7177274541
Cell#035,120.6,51.7,0.0,1.50105721641,1.02652512048,99.9257845632,0.19512195122,2.0625,8.52704182176,0.0,2.58217770376,9.76650052319
Cell#036,120.6,31.6,0.0661157024793,1.42884240123,0.585630332599,99.6732026144,0.714285714286,0.472392638037,1.0099920195,0.1015625,2.06303148016,6.92351948081
Cell#037,129.2,94.7,0.0,1.32314624723,1.24706446968,99.912273706,0.0952380952381,2.83333333333,20.4965792474,0.0,1.4365278351,3.81831110435
Cell#038,137.8,23.0,0.148148148148,1.47731941845,0.861894175775,99.8754810958,0.464285714286,1.27777777778,6.99868220983,0.017094017094,1.95887591531,6.20035112968
Cell#039,140.7,68.9,0.0,2.06473035327,1.38632782434,99.9396275484,0.470588235294,0.923076923077,8.3193637621,0.0,3.38605493839,14.1809144184
Cell#041,143.6,51.7,0.0,2.21367903207,0.0766306821597,99.9285203717,0.657142857143,0.45,3.04308693134,0.0161290322581,2.65676938828,8.89538119171
Cell#042,149.3,5.7,0.0,1.20155110835,1.06713958515,99.8936311661,0.153846153846,2.33333333333,13.2076481836,0.0,1.23635083241,3.16341370517
Cell#045,155.0,43.1,0.0,1.0609695338,1.08235060853,99.8385676548,0.208333333333,3.14285714286,17.2622822979,0.0,1.00932134881,2.90220173958
Cell#047,163.7,63.2,0.0,1.50514983202,1.35343622706,99.9250767963,0.4,1.625,14.2889142857,0.0,1.54981298995,3.87417076439
Cell#048,166.5,28.7,0.333333333333,1.81156576571,1.13811570331,99.9239632684,0.5625,0.785714285714,8.35079575597,0.0,2.24603857878,7.34111112924
Cell#049,169.4,83.3,0.0,1.15853779089,1.38681293884,99.8916240904,0.0833333333333,3.33333333333,28.2877030162,0.0,1.23804979878,3.49294860085
Cell#050,175.1,40.2,0.0,1.44393317001,0.787742237361,99.9056158565,0.405405405405,1.26086956522,5.82315854221,0.00793650793651,1.95458711432,7.08609253379
Cell#051,178.0,89.0,0.0,1.11087828247,1.16007614123,99.8935289246,0.294117647059,2.14285714286,18.0651076269,0.0,0.81887291287,2.15780880864
Cell#052,180.9,68.9,0.0,2.00224991104,0.0326049019805,99.9380585789,1.04761904762,0.592592592593,4.70853428392,0.0,2.44130158219,7.97871983542
Cell#053,183.8,100.5,0.0,1.60006232236,1.16552375507,99.8927449628,0.705882352941,1.07142857143,8.1596121085,0.0,2.17593971533,7.39528093605
Cell#054,186.6,57.4,0.0,1.84883493201,1.77351117876,99.9767657993,0.636363636364,1.57142857143,15.4855332047,0.0,2.77286676121,9.9186109009
Cell#055,189.5,83.3,0.0,1.35449917751,1.27173998004,99.9177157903,0.260869565217,1.9,11.7768551237,0.0,2.12116487067,7.82688437706
Cell#056,192.4,45.9,0.0952380952381,1.7462027894,0.382421437096,99.8197115385,0.584905660377,0.68,2.5434117181,0.0353982300885,2.43754426127,8.33631567356
Cell#057,195.2,25.8,0.0,1.2072895677,0.917983649415,99.8371040724,0.24,1.48,5.30745617027,0.00813008130081,1.7388596994,5.94518185374
Cell#060,201.0,57.4,0.378378378378,1.89025518778,0.517087788952,99.9411187439,0.6,0.828571428571,3.78337776866,0.0325203252033,3.18097514631,14.170426873
Cell#061,201.0,91.9,0.307692307692,2.03916964847,1.06266689217,99.9440809708,0.625,0.625,6.32768425842,0.0194174757282,2.78339374762,10.4120298556
Cell#063,206.7,103.4,0.0,1.59867455957,1.20244915268,99.9007655231,0.272727272727,1.15384615385,8.86088846624,0.00847457627119,2.24624575186,7.66886038333
Cell#064,212.5,43.1,0.0816326530612,1.53120197671,0.300344986931,99.8726809749,0.796296296296,0.732142857143,2.67181859946,0.0314960629921,2.15052221197,8.3427926277
Cell#065,212.5,63.2,0.189655172414,1.66066017722,0.423694113717,99.8995983936,0.603174603175,0.655737704918,2.29664961119,0.0234375,2.22585294769,7.51331096251
Cell#067,223.9,31.6,0.0,1.92210945559,1.78216447451,99.9469151823,0.230769230769,1.66666666667,13.011443662,0.0,2.41370621042,6.99064122382
Cell#068,226.8,103.4,0.0,1.0261999833,1.29272761177,99.425173439,0.0,6.5,56.902676399,0.0,1.13160608827,3.34605764543
Cell#069,229.7,60.3,0.0,1.66539344121,0.427474125566,99.8799912721,0.69696969697,0.806451612903,4.32606046539,0.0078125,2.38687959028,8.85947145905
Cell#070,238.3,80.4,0.0,1.5049971378,0.835505505965,99.8903268261,0.388888888889,1.38095238095,6.63700274348,0.0,2.18298050343,7.53335517864
Cell#071,241.2,43.1,0.078431372549,1.59411717975,0.25426729763,99.877921172,0.764705882353,0.836734693878,2.94610309739,0.0245901639344,2.34345326254,8.85097171117
Cell#072,244.0,63.2,0.0,1.94189552991,0.943510134276,99.9394892896,0.454545454545,0.777777777778,6.25059904153,0.00877192982456,2.98666054889,12.0436993105
Cell#073,249.8,94.7,0.0,1.42097690491,1.4301424104,99.8884758364,0.111111111111,4.0,28.9740596628,0.0,2.27513204328,6.95589292817
Cell#074,252.7,45.9,0.142857142857,1.53464388782,0.336217942996,99.9011997177,0.821428571429,0.821428571429,4.6480840786,0.00813008130081,1.76248789685,5.35875091879
Cell#075,261.3,83.3,0.25,2.00471727744,-0.141893156008,99.9306578833,1.35,0.620689655172,4.79791102003,0.0077519379845,2.60883120288,9.03756235241
Cell#076,269.9,51.7,0.0,1.62875326577,0.329023391149,99.9018370495,0.848484848485,0.848484848485,4.30178441573,0.0,2.10637607109,6.71526768717
Cell#077,281.4,89.0,0.583333333333,1.94221710337,-0.0721328282223,99.897680764,1.12195121951,0.426229508197,2.0495469733,0.0431034482759,2.38214148127,7.90604116821
Cell#079,284.2,68.9,0.0,1.5519121836,0.239497734354,99.8456194519,0.739130434783,0.818181818182,3.33383742911,0.00787401574803,1.86428841369,5.84826035707
Cell#080,287.1,112.0,0.0,1.48732313956,1.67983938811,99.7890772128,0.363636363636,1.5,11.764294049,0.0,2.07990317555,6.4315053979
Cell#081,298.6,109.1,0.428571428571,1.82089159916,-0.209750698728,99.9394428744,1.40909090909,0.514285714286,3.888864771,0.015625,2.24485398864,7.77369944256
Cell#082,298.6,83.3,0.0,1.39869375634,0.420894389411,99.9161636486,0.575757575758,0.857142857143,4.72432397296,0.008,1.44895442597,4.12135502815
Cell#083,307.2,63.2,0.135135135135,2.14682733039,0.242010675808,99.8467600701,0.917647058824,0.381355932203,1.19560366159,0.0393700787402,3.48824705666,15.6486467801
Cell#084,310.1,109.1,0.0,1.3086235603,1.23934067783,99.9118165785,0.2,2.0,14.9897654584,0.0,1.48143148855,3.77869687069
Cell#085,310.1,94.7,0.0,1.15363253009,1.0316020731,99.807586586,0.285714285714,2.27272727273,11.5153176395,0.0,1.24554472437,3.75862880834
Cell#087,312.9,45.9,0.114285714286,1.63098407085,0.17549099193,99.8416719443,0.756097560976,0.756097560976,3.36381464927,0.00833333333333,2.10590490546,7.08827444709
Cell#088,324.4,103.4,0.119047619048,2.16763354073,-0.0482068940674,99.921537858,0.98,0.455882352941,2.0530194251,0.0314960629921,3.0829371035,12.6745783986
Cell#089,324.4,86.1,0.808510638298,2.24673146684,-0.116098729975,99.9370990062,1.12962962963,0.40243902439,1.68392737054,0.072,3.84756113081,20.3224299007
Cell#092,350.3,126.3,0.0,0.929749246143,1.17784410645,99.7923724183,0.266666666667,2.16666666667,17.7934973638,0.0,0.591647354751,2.467365906
Cell#093,353.1,140.7,0.148148148148,1.31961787577,0.939925957793,99.8489654131,0.428571428571,1.5,7.38611615245,0.0,1.67219329752,5.05796258239
Cell#094,356.0,149.3,0.217391304348,1.91769489894,0.363041083958,99.9926084707,0.851851851852,0.785714285714,4.90041971297,0.0,3.22619036887,15.3487108134
Cell#095,356.0,100.5,0.0,1.92229796474,0.00605653778849,99.8941425547,1.01612903226,0.5625,1.85740118233,0.0491803278689,2.94880722049,12.823286054
Cell#001,5.7,114.8,0.0,1.82960535526,0.532681884698,99.9571991097,0.708333333333,0.782608695652,5.55012028869,0.0162601626016,2.6628968952,9.6966392723
Cell#002,11.5,86.1,3.6,3.07840410032,-0.208887138042,99.9886856496,2.5,0.166666666667,4.71308791823,0.0344827586207,3.24294407289,11.7181811491
Cell#003,11.5,157.9,1.27777777778,2.23102352595,-0.288644751444,99.9573960464,1.7,0.317073170732,2.82231291269,0.0442477876106,2.75748174288,10.6917736458
Cell#004,14.4,34.5,1.0,2.77049418713,-0.00251137358779,99.9954354574,2.625,0.318181818182,5.00167992927,0.018691588785,3.20774633709,11.7764751775
Cell#005,20.1,63.2,1.57142857143,2.52421556416,-0.497416298434,99.9696900811,2.0,0.307692307692,2.82036713287,0.018691588785,3.1966688179,12.7967920556
Cell#006,25.8,137.8,3.66666666667,2.70668689667,-0.878434193942,99.9679538535,3.0,0.2,2.0163071228,0.0508474576271,3.44707249899,15.451108148
Cell#007,28.7,117.7,1.91666666667,2.87114910013,-0.196534952905,99.9850082455,2.15384615385,0.28125,3.33699828575,0.0377358490566,3.86885911805,18.0603665838
Cell#009,34.5,83.3,1.125,2.39438215899,-0.173120190139,99.9412248736,1.47368421053,0.287671232877,1.59027953293,0.0810810810811,3.3490602904,15.1198011327
Cell#010,40.2,51.7,2.4,3.47368251064,0.662377966904,99.9839010883,2.28571428571,0.15,4.16482496053,0.0112359550562,3.93205759468,16.8562350776
Cell#011,43.1,143.6,0.275862068966,2.15907744455,-0.0749887928921,99.9374843711,0.948717948718,0.333333333333,2.10127429118,0.0336134453782,2.49203676191,8.41592661701
Cell#012,43.1,123.5,1.09090909091,2.66255151368,-0.427558552871,99.9588223183,1.5,0.206896551724,2.10766509806,0.0393700787402,3.49425840767,16.8206794668
Cell#014,45.9,209.6,0.75,2.10802854076,-0.142743470044,99.9560052794,1.92857142857,0.366666666667,3.48446849141,0.02,2.82941312431,10.7533510147
Cell#017,60.3,117.7,0.204081632653,2.77696068865,-0.0339572192952,99.9153669447,0.805555555556,0.192660550459,1.07270335666,0.0873015873016,3.87106642845,18.0364983519
Cell#019,68.9,80.4,0.0,1.37495149468,1.45177384626,99.9613638559,0.7,1.42857142857,13.5577244841,0.0,1.10806547623,2.55053695423
Cell#020,71.8,54.6,1.68421052632,3.16341025168,-0.842857624993,99.9716110717,2.08,0.149253731343,1.69875277162,0.0677966101695,3.80592319577,17.4284817287
Cell#021,71.8,106.2,0.266666666667,1.75232944078,0.208612121834,99.9332740214,1.0,0.461538461538,4.53226258942,0.0166666666667,1.68324472884,4.38002030108
Cell#022,80.4,45.9,0.829787234043,2.83729467066,-0.379991317266,99.9434948439,1.57142857143,0.241379310345,1.15104381158,0.09375,3.68602945145,16.0017214665
Cell#024,89.0,28.7,1.18518518519,2.40367756452,-0.446442671639,99.9517898035,1.66666666667,0.28,1.74519350811,0.0564516129032,3.02388637903,12.0566392091
Cell#025,89.0,134.9,0.204545454545,2.3975671237,0.284599734758,99.9590264689,0.666666666667,0.517857142857,2.37125979196,0.015873015873,4.2799244356,24.4469070469
Cell#026,94.7,120.6,0.0,2.17911106616,0.689067058721,99.9525729191,0.3125,0.615384615385,4.18056015361,0.00869565217391,3.74678446114,18.6858652597
Cell#027,94.7,68.9,1.46666666667,2.54729151835,-0.804683589072,99.960201645,2.52941176471,0.224489795918,2.57057531502,0.031746031746,3.2700647404,14.8030118762
Cell#029,97.6,45.9,1.0,3.18331287222,1.24392741166,99.9797226052,1.625,0.3125,4.44823931221,0.0416666666667,3.85726458226,16.1869815673
Cell#030,103.4,114.8,1.28571428571,2.26571169405,0.798835281541,99.963649582,2.0,0.411764705882,6.5206873163,0.0181818181818,2.90000049306,10.5042407081
Cell#031,120.6,71.8,2.0,2.05387952435,-0.26576170614,99.960768929,3.0,0.28,4.16344368812,0.0294117647059,2.06288093075,6.15042627649
Cell#032,120.6,94.7,1.21052631579,1.93972635356,-0.42096254692,99.9287850734,1.59090909091,0.390243902439,2.98057126959,0.0434782608696,1.89218136005,5.12352327398
Cell#034,132.1,71.8,0.0,1.71536023883,0.35369616929,99.9369641957,0.59375,0.59375,3.74851839427,0.00840336134454,1.8111695565,5.13298298508
Cell#035,140.7,43.1,0.363636363636,2.28763399284,0.536201751772,99.9713446522,1.25,0.35,4.57332350774,0.0105263157895,2.39522358245,6.91362006165
Cell#036,140.7,109.1,0.566666666667,2.04281351364,-0.350384377753,99.9080318823,1.19512195122,0.34328358209,1.96723179544,0.0564516129032,2.3108177345,7.62993272893
Cell#037,143.6,86.1,0.173913043478,1.83122996935,0.19096194166,99.9243733794,0.529411764706,0.444444444444,3.40133259857,0.0322580645161,2.03358854511,6.28703894279
Cell#038,152.2,54.6,0.0,1.60582796896,0.348485035169,99.9433042295,0.909090909091,0.68,4.62355944566,0.00884955752212,1.77477753514,5.39595840466
Cell#039,155.0,94.7,1.8,1.84304544064,1.75732263556,99.9459410758,1.66666666667,0.454545454545,5.73017271766,0.0327868852459,1.88888141124,4.98140915227
Cell#040,157.9,74.6,0.45,2.43063383383,-0.193701736433,99.9732977303,1.45833333333,0.404761904762,2.84852583176,0.0267857142857,4.28384452521,24.6150568193
Cell#041,166.5,48.8,2.0,4.01930170266,0.796197504819,99.9912365262,1.875,0.0952380952381,2.36493517947,0.037037037037,4.56171709035,21.2687166475
Cell#042,178.0,97.6,0.571428571429,2.95727829661,1.77375511406,99.9834855026,1.25,0.384615384615,8.78461979092,0.00840336134454,3.77475705796,15.2346803002
Cell#043,178.0,40.2,0.0,2.10848738709,0.451408574637,99.8718770019,0.229166666667,0.638888888889,3.32463153839,0.00826446280992,3.0563965726,12.0142917526
Cell#044,189.5,114.8,0.0,2.1603348593,0.468285587857,99.9677144786,0.333333333333,0.714285714286,14.6361310133,0.0,2.44978821081,7.28306966629
Cell#045,189.5,34.5,0.0,2.04690236733,1.85850261292,99.9765925431,1.25,0.5,10.321875,0.0,2.88921910175,10.6336301147
Cell#047,195.2,132.1,0.0,1.50480445457,1.23878794671,99.9537892791,0.25,1.77777777778,12.0815663801,0.0,1.92673203735,5.98237554305
Cell#049,201.0,23.0,1.0,2.20668671641,0.00259342726744,99.9819895539,1.57142857143,0.333333333333,4.10944055944,0.036036036036,3.01526325615,12.5312897784
Cell#050,212.5,109.1,0.0,2.71476757854,-0.00954973209073,99.9578516378,0.92,0.263157894737,2.76852994211,0.027027027027,3.50818220287,15.2838068828
Cell#051,215.3,51.7,0.333333333333,2.03319998507,1.06219867894,99.9726880428,0.611111111111,0.8125,6.86244115283,0.0185185185185,3.16867659897,13.2435116315
Cell#052,221.1,91.9,0.208333333333,2.44815439049,0.327375677176,99.9451403493,0.666666666667,0.323529411765,2.44948974333,0.0337078651685,3.01222233849,11.1123586791
Cell#053,226.8,120.6,1.6,3.07454613829,0.992230117871,99.9840607816,1.5,0.176470588235,6.41630762602,0.0169491525424,3.28091809918,12.0364709823
Cell#054,235.4,63.2,0.952380952381,2.60722861988,-0.709135176233,99.9744528655,1.73076923077,0.245614035088,2.24142571138,0.0629921259843,3.07199254755,11.8806117269
Cell#055,238.3,123.5,0.818181818182,2.59393371418,-0.0672190613272,99.9493841741,1.08,0.333333333333,2.7603581868,0.036036036036,3.1937643042,11.9847012539
Cell#057,246.9,51.7,0.666666666667,2.19746928238,0.438276510977,99.9571428571,1.2,0.434782608696,5.17928865231,0.00826446280992,3.53486299728,16.6579507843
Cell#058,246.9,109.1,2.0,3.6388731136,1.78115946694,99.8883572568,2.6,0.0588235294118,0.729054490631,0.133333333333,4.10098911604,16.9650631292
Cell#061,258.4,91.9,0.0,1.12270754063,0.892380694199,99.9238912337,0.5,1.0,18.3413049897,0.0,0.65248190497,1.95567091549
Cell#062,261.3,68.9,1.42857142857,1.89458533229,0.779428480781,99.9552339029,1.55555555556,0.352941176471,5.64044692737,0.0208333333333,1.96829020116,5.60865508995
Cell#063,272.8,120.6,0.0,2.54979278806,0.843456959819,99.974510387,1.0,0.411764705882,6.47401746725,0.00884955752212,2.86713129383,9.5393854486
Cell#066,284.2,45.9,1.0,3.58561790269,1.86677597936,99.963164874,1.83333333333,0.133333333333,1.89307635649,0.0322580645161,3.95973745187,15.8845397046
Cell#067,287.1,114.8,0.0,2.07603871728,0.484014724228,99.9341021417,0.425925925926,0.63829787234,2.67384199256,0.0252100840336,3.36840175591,15.029988023
Cell#068,292.9,23.0,0.0,2.90502626936,0.961732900646,99.9682539683,2.0,0.411764705882,4.00732064422,0.0153846153846,3.93931085583,17.424369621
Cell#069,298.6,91.9,3.28571428571,3.67796027945,-0.39207642458,99.9964613044,3.33333333333,0.21875,3.26364782896,0.0485436893204,4.76555885459,25.5170110727
Cell#072,312.9,132.1,0.0,3.40963971975,1.9841776458,99.9386879215,1.28571428571,0.142857142857,1.53844103931,0.0869565217391,3.82041536286,14.838266876
Cell#073,315.8,43.1,3.25,4.13795281385,1.19192898787,99.9865721345,2.8,0.117647058824,4.26520008844,0.038961038961,4.2288731876,17.9996871846
Cell#074,318.7,109.1,0.0,2.26242047159,1.13024230621,99.943019943,0.538461538462,0.333333333333,4.74282613938,0.0131578947368,2.17037342758,5.74371174865
Cell#075,318.7,71.8,0.444444444444,2.65819897065,1.23910939022,99.9684457266,1.1,0.3125,5.09611705121,0.0227272727273,3.01131406658,10.2835174879
Cell#080,344.5,149.3,0.093023255814,1.51816192887,0.486089902945,99.8792478868,0.43137254902,0.738095238095,3.24942321406,0.0230769230769,1.81398896228,5.54788140577
Cell#081,344.5,80.4,0.0,1.57519645499,1.55898642081,99.9152542373,1.0,0.636363636364,6.29801894918,0.0,1.3689028719,3.45368543561
Cell#082,353.1,120.6,0.0,1.30165326574,0.853654641135,99.9489665731,0.5,0.714285714286,9.36787831915,0.0,1.15789299138,3.37608317231
Cell#003,5.7,157.9,4.5,2.64893884307,2.32193159588,99.9132052077,5.5,0.181818181818,3.86092829927,0.0227272727273,2.97060711711,9.84925963055
Cell#007,17.2,114.8,0.0,2.00429806623,0.546640463339,99.9185951855,1.07142857143,0.318181818182,3.05366859027,0.0142857142857,1.99820661467,5.49350204676
Cell#009,23.0,157.9,0.0,2.91289393497,-0.0593288350241,99.9733823743,1.4,0.333333333333,9.95601659751,0.0,3.21363386481,10.7126961282
Cell#012,28.7,209.6,0.285714285714,2.08634731213,0.246011243843,99.9499541246,0.583333333333,0.5,3.2835891159,0.016,2.81069814182,11.2882320848
Cell#014,34.5,120.6,0.0,2.47127830445,-0.0974608039172,99.9505614803,0.933333333333,0.234042553191,2.35042217258,0.0336134453782,3.40058763306,15.3706602628
Cell#015,34.5,172.3,0.0,1.59403508836,1.01883495352,99.875590943,0.222222222222,1.2,5.88541842061,0.00833333333333,3.14435349866,14.6846449337
Cell#016,37.3,94.7,0.727272727273,2.11675793744,0.411025897313,99.9670184697,1.07142857143,0.380952380952,5.76765117092,0.015873015873,2.28343415959,7.15057319358
Cell#017,40.2,155.0,0.0,1.29979513966,0.953976629269,99.849191116,0.384615384615,1.76923076923,10.0613241419,0.0,1.30325944562,3.47613469539
Cell#018,40.2,68.9,0.363636363636,2.74478840727,0.177582895543,99.9744910974,1.63636363636,0.260869565217,4.31175630652,0.00952380952381,2.82887761653,9.14874174672
Cell#020,48.8,114.8,0.277777777778,2.48614340521,-0.165204418352,99.9577115931,1.08695652174,0.297297297297,3.05105530584,0.0338983050847,3.40570481524,15.2808416872
Cell#021,48.8,48.8,2.33333333333,3.08443356693,-0.355967445476,99.9687825182,2.4,0.214285714286,3.37663216291,0.0416666666667,3.45038342008,13.2842229147
Cell#022,57.4,77.5,2.5,3.13508593804,1.00168050636,99.9642132888,2.0,0.166666666667,2.81737588652,0.0566037735849,3.43910593433,13.1603362409
Cell#024,66.0,166.5,0.0,1.85312089002,0.292901328526,99.8824283882,0.58064516129,0.324324324324,2.67599756178,0.0277777777778,2.08766011327,7.04188000062
Cell#025,66.0,94.7,0.888888888889,2.24840444325,0.280904750298,99.9660133681,2.0,0.35,5.60880609653,0.0175438596491,2.32391145137,6.87300488612
Cell#027,68.9,45.9,0.6875,2.05710644339,0.0268497217742,99.9503524973,1.41176470588,0.576923076923,4.23695221317,0.0196078431373,2.42465455865,7.67720828642
Cell#029,77.5,57.4,0.8,2.34086758256,0.495072731701,99.9529633114,3.4,0.294117647059,4.07493984187,0.0149253731343,2.1996520587,5.71417319418
Cell#030,80.4,43.1,0.217391304348,1.90370865148,0.0520382326138,99.9428517002,1.08695652174,0.655172413793,4.6546975547,0.0078125,2.2231326615,6.73737347717
Cell#032,80.4,157.9,0.0,1.93179857295,0.551332833169,99.9680613223,1.16666666667,0.444444444444,7.13386978786,0.0,2.0053219004,5.46619743803
Cell#037,100.5,74.6,0.8,2.76458811036,1.24408392815,99.965704487,1.57142857143,0.125,4.01503673095,0.0142857142857,2.62519404414,7.57893830926
Cell#038,103.4,112.0,1.51612903226,2.55675571285,-0.40016545423,99.9140154772,1.65909090909,0.181818181818,1.14455791804,0.0877192982456,3.14299517971,12.7140204489
Cell#040,103.4,172.3,1.125,2.62713998649,-0.43707105239,99.9393046042,1.84210526316,0.255813953488,2.54646008177,0.036036036036,2.9383962391,10.4921863149
Cell#041,109.1,203.8,0.0,1.76437320074,1.77192830502,99.9305917057,0.545454545455,0.888888888889,9.50217526414,0.0,2.51850413946,8.49686997205
Cell#042,112.0,60.3,0.705882352941,1.98723921773,-0.189600887102,99.9532054282,1.58823529412,0.466666666667,3.78978960005,0.0277777777778,2.25001726679,7.48643471221
Cell#043,117.7,74.6,1.23076923077,2.80633725978,-0.387485668598,99.9743826212,1.8125,0.323529411765,3.27890165312,0.0185185185185,4.05373366244,20.8217285657
Cell#046,120.6,134.9,1.0,2.6519024637,-0.507384846841,99.9241993557,1.28125,0.258620689655,2.17316263632,0.0390625,2.96502283198,10.6432690563
Cell#047,123.5,28.7,0.0,1.77989554357,1.9299337477,99.9244472721,0.181818181818,2.25,23.0461538462,0.0,2.5146814736,8.07480799636
Cell#048,126.3,103.4,0.0,2.47551170079,1.1951569458,99.9688168211,0.909090909091,0.3125,5.36422931686,0.0,2.99966755246,11.0085969622
Cell#049,132.1,160.8,0.190476190476,1.49513153095,0.709489346982,99.8623916334,0.521739130435,0.75,5.01618705036,0.010101010101,1.54475563727,4.18899904928
Cell#050,132.1,40.2,0.470588235294,2.60593747986,-0.116435885148,99.9448580094,1.19047619048,0.277777777778,1.26045408336,0.0697674418605,3.77805624713,17.3882444921
Cell#051,132.1,51.7,0.769230769231,2.12902962519,-0.625840548033,99.9540018399,2.14285714286,0.333333333333,3.96281902552,0.0234375,2.25251147325,7.10715618158
Cell#052,132.1,123.5,0.0,3.12952676286,1.51160619593,99.9778705109,0.666666666667,0.333333333333,5.35820367751,0.0227272727273,4.10603878394,17.6823948882
Cell#053,132.1,80.4,0.0,1.74219845184,1.61589251017,99.956284153,0.272727272727,1.0,13.8557225994,0.0,1.51375037526,3.27503527696
Cell#055,137.8,25.8,1.28571428571,2.3336812756,-0.519014312148,99.9551850856,2.0,0.214285714286,2.60211532504,0.0357142857143,2.5023332649,8.18893000497
Cell#056,137.8,218.2,0.0,1.63319962832,0.575441509891,99.924563885,0.541666666667,0.681818181818,5.48716061498,0.016393442623,1.78389265253,5.2864638756
Cell#057,146.4,86.1,0.363636363636,1.93046445783,0.897737808425,99.9337931034,1.16666666667,0.625,7.23570170288,0.00869565217391,2.47855740322,8.72644427932
Cell#059,155.0,186.6,0.714285714286,1.43958810621,1.17906000813,99.8800159979,1.85714285714,0.538461538462,6.26673609045,0.0128205128205,0.97005294494,2.18964007684
Cell#060,155.0,123.5,0.0,1.27429948359,0.417946328073,99.5808226356,0.396226415094,0.80487804878,3.34083097672,0.0,1.13023451446,3.02466946681
Cell#061,157.9,86.1,0.0,1.92921570811,1.75395616796,99.9326054724,1.0,0.454545454545,7.21223577934,0.0,1.90359447914,4.84915899438
Cell#062,160.8,60.3,0.714285714286,2.68982116933,0.656228600805,99.9718516016,2.0,0.333333333333,4.44104344167,0.025,3.0328297671,10.3365137596
Cell#063,169.4,97.6,0.545454545455,1.85571210008,-0.208669728319,99.8845456045,1.10344827586,0.386363636364,2.48137164815,0.0188679245283,1.8753093457,5.08429815129
Cell#065,172.3,157.9,0.0,1.76137988349,0.303301227461,99.8945564782,0.451612903226,0.451612903226,3.52520269887,0.0173913043478,1.73016816186,4.449079531
Cell#066,172.3,120.6,0.0,1.89891297537,0.616970669122,99.921881103,0.789473684211,0.7,5.76444035007,0.00884955752212,2.45452328297,8.27684835989
Cell#068,172.3,66.0,2.5,2.75941869094,-0.715133286765,99.9656569819,3.0,0.170731707317,2.47255720116,0.0673076923077,3.1327996971,12.0664335976
Cell#069,178.0,14.4,0.8,2.249789049,1.88840470135,99.9456196639,2.2,0.333333333333,5.86518987342,0.0140845070423,2.47658633677,7.8215090674
Cell#070,183.8,146.4,0.0,2.06481931862,1.15593165943,99.9354699935,0.4,0.4,5.0330055386,0.0,2.04412594706,5.35073034926
Cell#071,183.8,89.0,0.0,1.67230639594,1.76091692423,99.9451869967,0.75,0.555555555556,12.2068410463,0.0,1.76165674863,5.0003037746
Cell#072,189.5,120.6,0.0,1.30430372177,1.35976382735,99.9394856278,0.857142857143,0.857142857143,13.3143477082,0.0,1.05476511283,2.59851083982
Cell#073,189.5,63.2,0.392857142857,1.95952563677,-0.345213355186,99.9218037274,1.53333333333,0.433962264151,2.64508928571,0.0230769230769,2.17885553319,6.91188187037
Cell#075,195.2,45.9,2.57142857143,4.05351662306,-0.166226280984,99.9828085155,1.83333333333,0.214285714286,3.59103869654,0.0294117647059,5.18775234996,28.5332540152
Cell#077,198.1,103.4,0.851851851852,2.54184662923,-0.440432991085,99.9123795218,1.2972972973,0.180555555556,1.57227407239,0.0588235294118,2.69672028652,8.90245582418
Cell#078,201.0,132.1,0.0,3.54101873157,2.30969245952,99.9805357534,0.75,0.0769230769231,5.78193189715,0.0119047619048,3.58409696729,13.0054293371
Cell#079,201.0,166.5,0.181818181818,2.46194624036,-0.0608112910696,99.9321573948,0.774193548387,0.309523809524,2.62620274914,0.0350877192982,3.1365337606,12.1596483705
Cell#081,206.7,51.7,0.0,2.2241734953,1.71866211393,99.967501986,1.57142857143,0.384615384615,8.17866473149,0.00917431192661,2.95960826382,10.9252338874
Cell#082,206.7,97.6,0.0,1.61829436761,0.473052494287,99.8561565017,0.442307692308,0.704545454545,3.03533540719,0.015625,2.13666283235,7.64364507128
Cell#084,218.2,71.8,0.454545454545,2.59653975868,0.650266857191,99.9381910583,1.54545454545,0.333333333333,3.09218347973,0.0307692307692,3.67703286333,15.9208289564
Cell#085,218.2,126.3,0.470588235294,1.99384143292,0.164371755728,99.8941478905,0.89552238806,0.411111111111,1.57490938381,0.077519379845,3.10801829297,14.6426179311
Cell#086,221.1,91.9,1.0,2.38218796635,1.24463908198,99.9509743841,1.1,0.5,7.32855436081,0.0190476190476,2.8608338901,10.128523009
Cell#087,223.9,112.0,0.0,1.93227235081,0.29901119048,99.8830213904,0.651162790698,0.448979591837,2.08430274829,0.020202020202,2.44460257194,8.20993684519
Cell#088,223.9,45.9,2.71428571429,3.02243827989,-0.993802377384,99.9642959155,3.25,0.172413793103,1.80066705905,0.0673076923077,3.90495712732,19.3260537989
Cell#090,235.4,37.3,0.371428571429,2.27013445265,-0.359693414725,99.9203187251,1.15,0.34375,1.94125604421,0.0672268907563,2.73810611349,9.76299145922
Cell#092,238.3,106.2,1.44444444444,2.48075298426,-0.621234361395,99.9489795918,1.77272727273,0.22,2.45380121311,0.056,2.58010875963,8.13148487711
Cell#093,244.0,68.9,2.0,2.30663708559,0.853962356035,99.9672591207,2.0,0.3125,6.88609397247,0.00892857142857,2.40225157714,7.08018630598
Cell#095,249.8,25.8,0.5625,2.36695533203,-0.409503101949,99.9522786924,1.61111111111,0.27027027027,2.86894529275,0.0467289719626,2.69358475937,9.74949135464
Cell#096,252.7,43.1,3.625,3.74236118002,-1.02895064556,99.9804522056,3.88888888889,0.157894736842,3.101107123,0.0420168067227,4.91944561525,27.5853671746
Cell#098,255.5,68.9,2.75,3.46979993949,0.280219820841,99.9800206453,3.6,0.0952380952381,3.96478044364,0.0229885057471,3.8146760931,15.9712018223
Cell#099,264.1,74.6,0.0,1.75950154914,0.671236889406,99.9365942029,1.27272727273,0.470588235294,6.09535968028,0.00970873786408,1.53670910608,3.65808995694
Cell#100,264.1,91.9,0.0,1.49696358149,0.932888455975,99.8960978989,0.333333333333,1.13333333333,7.42804214426,0.0,1.48781402166,3.63740383753
Cell#102,269.9,152.2,0.833333333333,1.69208225359,1.76563821175,99.9332920379,1.16666666667,0.444444444444,10.0952380952,0.0102040816327,1.74601653871,4.8240627144
Cell#104,281.4,209.6,0.0,4.83069984299,-0.170542482002,99.9804568218,1.08333333333,0.190476190476,2.65332186627,0.0333333333333,6.59946084308,45.2003823691
Cell#105,281.4,54.6,0.0,1.2045223759,0.862041177674,99.4060246076,0.12925170068,0.784946236559,1.58875148883,0.00769230769231,2.11365944983,7.27033821461
Cell#106,287.1,163.7,1.0,2.29861860504,-0.294774865608,99.9035493827,1.46153846154,0.215189873418,1.26262015035,0.0909090909091,2.52185438236,8.18451469576
Cell#107,290.0,68.9,0.0,1.81057614523,0.571409203202,99.9055793991,0.736842105263,0.65,5.77351247601,0.00862068965517,2.00959139192,5.70670431953
Cell#109,292.9,106.2,0.5625,2.5160495842,-0.0309394365657,99.9429833939,1.10526315789,0.333333333333,3.32909112739,0.0380952380952,2.79633315717,9.59856561028
Cell#110,292.9,51.7,1.6,3.63266357724,-0.383792855613,99.98570765,2.41666666667,0.171428571429,2.91244363324,0.0380952380952,4.94966649386,27.742126215
Cell#111,298.6,89.0,0.133333333333,1.87181464249,0.29148310835,99.9444937833,0.666666666667,0.527777777778,3.29361870007,0.0166666666667,2.47134730789,8.80607564711
Cell#113,298.6,71.8,0.333333333333,2.43431229179,-0.40912442905,99.9553919929,1.95238095238,0.24,1.86557620818,0.0322580645161,2.86454568842,10.5739235418
Cell#114,298.6,134.9,0.6,2.62707580316,0.143052803413,99.9472424009,1.14285714286,0.25,5.02600958248,0.031007751938,2.88114560585,10.3019875698
Cell#115,307.2,106.2,0.5,1.46901506866,1.48771456084,99.9187232156,1.11111111111,0.583333333333,9.13595118899,0.00900900900901,1.19564709011,3.01443251204
Cell#116,310.1,120.6,0.555555555556,1.89128738484,0.846149521899,99.9943358822,1.08333333333,0.388888888889,6.04480360065,0.00884955752212,2.30011496541,7.8790998957
Cell#117,312.9,51.7,0.8,2.12303054023,0.105642044214,99.9543031226,1.72727272727,0.5,6.01064859632,0.0173913043478,2.16005562626,5.84407721932
Cell#118,315.8,68.9,0.733333333333,2.39147737239,-0.241127440454,99.9688255007,1.6875,0.387096774194,3.81137596781,0.0173913043478,2.72549482783,9.16592854492
Cell#120,327.3,63.2,0.0,1.72908426915,0.625640726773,99.898018648,0.283333333333,0.75,2.79087198807,0.025641025641,2.53535391463,9.55272567213
Cell#123,341.7,57.4,0.363636363636,2.19611639998,0.278608850293,99.970398437,1.46153846154,0.391304347826,4.94702685163,0.0,2.55144282665,8.75297059379
Cell#124,347.4,77.5,0.0,2.17796528137,0.676588690613,99.9555703654,1.16666666667,0.444444444444,6.26089179791,0.0,2.3466934168,6.93904893809
Cell#125,350.3,155.0,0.5,2.76283584074,-0.19539884391,99.9383235212,1.42857142857,0.259259259259,3.75443847357,0.0283018867925,3.01316016732,10.5656125353
Cell#126,350.3,195.2,0.0,1.90860176683,1.61000881402,99.9049520008,0.538461538462,0.818181818182,9.92333004278,0.0,2.48486230856,8.02889588792
Cell#127,353.1,126.3,0.0,1.52212916629,0.962256883416,99.9079651941,0.290322580645,1.10526315789,6.40843297671,0.0,2.46239541825,10.1744228694
Cell#128,356.0,51.7,0.7,2.07149341293,-0.382568017352,99.9491042345,1.48387096774,0.54,2.89265407365,0.0390625,3.09149785448,13.7260715564
Cell#129,361.8,166.5,0.0,2.09074634408,2.00426582218,99.9811474895,1.0,1.0,18.0967653509,0.0,2.30849703054,6.49216191376
Cell#130,361.8,83.3,0.5,2.09829518117,0.242763618248,99.9661407192,1.375,0.583333333333,5.10356012658,0.00854700854701,2.8152246188,10.4465623848
Cell#131,361.8,137.8,0.0,1.84801758381,1.8278548963,99.9751491054,0.625,0.625,12.7408691632,0.00943396226415,1.84997124716,4.84875123644
Cell#001,5.7,126.3,0.5,2.44200375804,1.3557239687,99.965555513,1.625,0.615384615385,9.07240762813,0.00869565217391,2.89732461634,9.60186721082
Cell#002,5.7,63.2,0.0,1.8559441478,0.601577354794,99.9340555817,0.444444444444,0.857142857143,4.73331633629,0.0,2.74284489662,10.0669741324
Cell#004,11.5,86.1,0.0,1.81348160533,1.7935310866,99.9714425587,1.25,0.8,12.3139738842,0.0,2.63484112777,9.50770720982
Cell#005,14.4,114.8,0.129032258065,1.87137110761,0.181021849904,99.9173857169,0.78125,0.583333333333,3.57920891477,0.0238095238095,2.67405714948,10.9430868839
Cell#006,28.7,103.4,0.0,1.55133731849,1.78484820774,99.9567627059,0.4,1.33333333333,19.0221358062,0.0,2.41633456337,8.04927129104
Cell#007,34.5,149.3,0.363636363636,1.49538928017,1.40160146927,99.8627823517,0.818181818182,1.22222222222,9.63284407573,0.0125,1.63421030271,4.18761840453
Cell#009,45.9,86.1,0.5,2.49132098988,1.99552728673,99.9552091732,1.125,0.7,7.39916603487,0.0138888888889,3.53698968361,13.7855320422
Cell#010,45.9,103.4,0.0,1.60709405289,0.553395645273,99.9030538051,0.516129032258,0.88,5.15458354044,0.0157480314961,1.71501538471,4.64989210661
Cell#011,54.6,74.6,0.5,1.32158209384,1.41533909327,99.9180423838,1.25,0.636363636364,7.18396551724,0.012987012987,0.902737691486,2.38915107644
Cell#012,63.2,57.4,0.0,1.20700101407,1.47552465335,99.889799573,0.181818181818,5.5,48.6126558006,0.0,1.4963404282,4.30442973783
Cell#013,63.2,71.8,0.0,1.33340456474,1.01389633318,99.9285714286,0.705882352941,1.41666666667,11.5109135004,0.0,1.06269735291,2.44278712949
Cell#014,66.0,91.9,0.0,1.66775750658,0.891400068117,99.9559975359,0.764705882353,0.875,6.88681253696,0.0,2.07140676146,6.62020905958
Cell#015,77.5,77.5,0.0,2.07839506836,0.411922906213,99.9637418419,0.869565217391,0.791666666667,5.31096794469,0.0,3.8192503681,19.7196380935
Cell#016,80.4,63.2,0.0,1.1983005849,1.37648011793,99.9150382328,0.5,1.25,13.3346474954,0.0,1.12080363764,3.26083305356
Cell#017,80.4,43.1,0.0,1.43124005994,1.6579339007,99.9608495645,0.625,1.16666666667,17.9383539879,0.0,1.9134500374,5.58703455341
Cell#018,83.3,34.5,0.0,1.49213750415,1.20765606035,99.9485199485,0.526315789474,1.41666666667,9.75270356234,0.0,2.03472861462,6.9321554701
Cell#019,89.0,71.8,0.0869565217391,1.96783272648,0.317087615032,99.9376817615,0.62,0.6875,2.80634683592,0.0243902439024,3.44326656946,17.6258291773
Cell#020,94.7,40.2,0.0,1.78036391965,0.292891957765,99.949332883,0.863636363636,0.782608695652,5.7335504886,0.0,2.24495639261,7.46795286552
Cell#021,97.6,54.6,0.333333333333,1.53646625792,0.237413158758,99.9121394055,0.851851851852,1.08333333333,5.95801739963,0.016,1.69446271992,4.68944971228
Cell#022,109.1,66.0,0.0,1.01411792213,1.09008498888,99.9054522534,0.421052631579,2.0,13.7432966119,0.0,0.615255950311,1.96296200472
Cell#023,120.6,37.3,0.0,0.721891700561,0.971855290774,99.8928188639,0.0526315789474,9.0,60.4820683903,0.0,0.418784573225,2.45045260715
Cell#024,120.6,71.8,0.0,0.91153393128,0.954917472015,99.6688741722,0.127118644068,1.77083333333,3.43484735666,0.0,1.57345624999,5.92229407637
Cell#025,120.6,86.1,0.0,1.42167602263,0.656095521112,99.6563573883,0.642424242424,0.426315789474,0.854607723936,0.0852713178295,2.46227358362,10.2030385175
Cell#026,132.1,45.9,0.0,1.35805836703,1.06106516494,99.918128655,0.186046511628,1.83333333333,7.04124786649,0.0,2.52943926682,10.7766106934
Cell#027,132.1,68.9,0.0,1.73473589354,0.318820023604,99.9033193684,0.709090909091,0.649122807018,2.45839598196,0.0569105691057,2.58002619219,10.1998594355
Cell#028,152.2,40.2,0.0,1.08609908105,1.0075299693,99.8120889446,0.093023255814,2.35714285714,9.57763221737,0.0,1.28428069922,4.21364888583
Cell#029,155.0,68.9,0.133333333333,2.24331906457,0.190315112634,99.9334774655,0.757575757576,0.567567567568,3.35246219465,0.0245901639344,3.40731585494,14.6301386478
Cell#030,160.8,106.2,0.0,1.68705710041,1.22789903355,99.9597531527,0.230769230769,3.0,16.5484949833,0.0,3.00293264384,11.215444261
Cell#031,166.5,97.6,0.0,1.16739224608,1.03070432573,99.7928748964,0.128205128205,1.93333333333,8.37381404175,0.0,1.69625047746,5.80142121307
Cell#032,166.5,86.1,0.296296296296,1.82795739319,-0.242169202784,99.947117927,1.22580645161,0.533333333333,2.94225577864,0.0338983050847,2.43311034396,9.08048417152
Cell#033,172.3,63.2,0.307692307692,1.95461894855,-0.186606779331,99.9446351456,1.28571428571,0.6,3.52482000758,0.015625,2.79839911718,10.6893784333
Cell#034,183.8,23.0,0.384615384615,1.82272436794,0.0884237304987,99.9499457746,1.61538461538,0.619047619048,6.26589541879,0.00806451612903,1.98688170192,5.66206329503
Cell#035,183.8,40.2,0.0,1.43310355376,1.18826366118,99.9001165307,0.24,1.58333333333,10.0034275921,0.0,2.04405260005,6.64816075107
Cell#036,189.5,60.3,2.66666666667,2.47614315747,-1.06927282957,99.9600415568,3.06666666667,0.270833333333,2.70448612394,0.0483870967742,3.13221657765,12.6762108792
Cell#037,192.4,74.6,0.0,1.27863987085,0.689610403829,99.9029126214,0.592592592593,1.26315789474,7.25397136693,0.0,1.33755429278,4.01489658397
Cell#038,201.0,28.7,0.142857142857,1.52302267975,0.532709569395,99.8925597636,0.642857142857,1.09090909091,6.05923894982,0.00806451612903,1.74370171799,4.88673196975
Cell#039,201.0,43.1,0.0833333333333,1.50384286005,0.488627364989,99.8543600947,0.54,0.878048780488,3.42890239105,0.015873015873,2.11623362256,7.24741283049
Cell#040,203.8,83.3,0.0,1.5775758852,1.44302455506,99.9601729631,0.533333333333,1.3,12.5654642007,0.0,2.25888118696,7.4799864068
Cell#041,206.7,63.2,1.04166666667,1.94848399429,-0.298125362077,99.9427480916,1.36,0.475,3.19136934142,0.0416666666667,2.66450796461,10.9148971017
Cell#042,212.5,48.8,0.0,1.5957059384,1.27250043225,99.909445528,0.227272727273,1.7,12.4208041958,0.0,2.45674263199,7.93547912892
Cell#043,218.2,40.2,0.3,1.64939687219,0.880652314257,99.7950819672,0.727272727273,0.652173913043,1.94034758102,0.0263157894737,2.42646870093,8.40159730808
Cell#044,218.2,63.2,0.0816326530612,1.83654133807,0.489166159015,99.9118387909,0.519230769231,0.880952380952,3.34540461684,0.00806451612903,3.27910246905,14.5591079761
Cell#045,223.9,80.4,0.176470588235,1.83070127818,0.142323616883,99.9107825644,0.846153846154,0.756097560976,3.52343429743,0.00787401574803,2.702816712,10.4052095683
Cell#046,226.8,48.8,1.11111111111,2.07828601746,-0.546653995644,99.9284862932,1.58620689655,0.470588235294,2.6435070306,0.0504201680672,2.81912204281,11.017945557
Cell#047,238.3,74.6,0.448275862069,2.01491526482,-0.127046064567,99.939809799,1.0303030303,0.558139534884,3.10455775779,0.0327868852459,2.49799556911,8.54155073613
Cell#048,246.9,23.0,0.0,1.76085015119,0.499175986481,99.9610106051,0.64,0.64,5.00309352518,0.0,2.33990919334,8.79127512302
Cell#049,246.9,89.0,0.0,1.82243005547,0.314688574283,99.956078707,0.65625,0.606060606061,3.89944225722,0.0157480314961,2.69301586964,11.154210203
Cell#051,249.8,57.4,0.0,1.55532242312,1.14771920222,99.964931968,0.555555555556,1.0,8.69906201146,0.00826446280992,2.038532996,6.99180900649
Cell#052,255.5,71.8,0.444444444444,2.15113845727,0.0390870515572,99.954166985,1.26315789474,0.433333333333,3.99758379283,0.0168067226891,2.70624469598,9.77452614971
Cell#053,261.3,94.7,0.521739130435,2.03351152618,-0.254101983832,99.9291282778,1.1,0.46511627907,3.04103549133,0.0406504065041,2.35779047983,7.57385751901
Cell#054,275.6,68.9,0.833333333333,2.01588984838,0.208208831001,99.9697921701,1.46153846154,0.454545454545,5.38033042124,0.0172413793103,2.55424610028,9.53131600339
Cell#055,275.6,20.1,0.857142857143,2.31066618238,-0.537677807505,99.9657604602,2.2,0.371428571429,3.80017557336,0.0393700787402,2.9909577686,11.5923693624
Cell#056,281.4,54.6,0.0,1.01031097019,1.27313897286,99.9033616346,0.3,3.33333333333,38.8844415752,0.0,1.08063025422,3.27514795079
Cell#057,284.2,94.7,0.521739130435,2.16404572191,-0.2921727724,99.9486872488,1.5652173913,0.475,3.18317484229,0.0252100840336,3.09740980765,13.0855678255
Cell#058,292.9,74.6,0.0,1.33868012329,0.746394758108,99.9123685528,0.548387096774,1.18181818182,5.99396993226,0.00819672131148,1.81774782782,6.65227985138
Cell#059,295.7,94.7,0.243243243243,2.14821911273,0.0428304967491,99.8616236162,0.829787234043,0.457627118644,2.10846330703,0.0434782608696,2.93827756458,10.9549605639
Cell#060,298.6,149.3,0.0,2.02061221088,1.61898484896,99.9583096456,0.375,1.75,15.8910523876,0.0,3.45146936132,14.2695043384
Cell#061,304.3,63.2,0.0,1.33403555073,1.32649218445,99.8926750738,0.411764705882,1.66666666667,12.1709002235,0.0,1.51462718765,4.56525741348
Cell#062,307.2,86.1,0.0,1.88062816837,0.508127923691,99.9311227,0.575,0.702702702703,3.2776060284,0.0260869565217,3.29521630568,15.8860794773
Cell#063,307.2,120.6,0.0,2.15929508693,0.0964222990769,99.954954955,1.28571428571,0.5,3.77246054805,0.0166666666667,2.89456267795,11.2978453183
Cell#065,324.4,86.1,0.161290322581,1.94045738906,0.179336200462,99.9245472837,0.8,0.75,3.91828168722,0.0157480314961,2.51998885524,8.18121441382
Cell#066,327.3,97.6,0.263157894737,2.53469222386,0.165003589445,99.9664373217,1.05,0.464285714286,3.95104485385,0.00892857142857,3.5078738868,15.2621212309
Cell#067,333.0,114.8,0.0,1.60967822961,0.513025334192,99.8787878788,0.442307692308,0.785714285714,3.35327938671,0.0153846153846,2.34317391925,9.11885207116
Cell#068,333.0,68.9,0.48275862069,2.21698912509,-0.208716622835,99.9479816896,1.25806451613,0.521739130435,3.05601574674,0.0390625,3.08257396503,11.9217739701
Cell#070,335.9,140.7,0.0,1.59051624003,0.518905134058,99.8725302741,0.475409836066,0.698113207547,2.64029308954,0.0157480314961,2.45747186771,10.1817085051
Cell#071,338.8,83.3,0.277777777778,2.2516945937,0.297818664769,99.9616024574,1.05263157895,0.5,4.26451838879,0.00892857142857,2.98707588743,11.8737766381
Cell#072,341.7,94.7,0.1,2.23998315573,0.270390384908,99.9442364375,0.878048780488,0.571428571429,2.63674428855,0.016393442623,4.48822698597,27.6169632341
Cell#073,344.5,126.3,0.0,1.55265209447,0.65691678053,99.9184893357,0.473684210526,1.0,4.58159974708,0.0,2.17620095206,7.36297418013
Cell#074,347.4,74.6,0.0,1.57066835684,1.38650119363,99.949386309,0.227272727273,1.7,11.5479089465,0.0,2.79797619154,11.1150149837
Cell#076,358.9,120.6,0.0888888888889,2.16368544038,0.344120738582,99.9394306481,0.755102040816,0.686274509804,2.63083461305,0.0338983050847,3.98515001994,21.3959022642
Cell#077,361.8,143.6,0.555555555556,2.15216534412,0.0204987180602,99.9514602378,0.9375,0.512195121951,3.28310171563,0.0390625,3.24148694512,14.648674412
Cell#002,14.4,117.7,0.0,1.43022072358,1.37865410867,99.9010111009,0.15,1.3,10.4324368645,0.0,1.81269913053,5.70801798478
Cell#003,20.1,155.0,0.0,1.14440657214,1.37567465933,99.9136040407,0.05,6.0,39.5674646355,0.0,2.00040226317,7.28688565591
Cell#005,28.7,89.0,0.0,0.8659798807,1.18021319208,99.2621254387,0.0,8.5,55.1442307692,0.0,1.22957723686,4.37942199706
Cell#007,45.9,129.2,0.0,0.958161013821,1.16212345945,99.4859038143,0.0,4.33333333333,36.0349974267,0.0,1.06776448669,2.88572645084
Cell#011,68.9,120.6,0.0,1.67547660824,1.32521370183,99.8510907602,0.047619047619,2.66666666667,15.9493741307,0.0,2.29213942301,6.92834695498
Cell#013,74.6,94.7,0.0,1.3237315542,0.925243774735,99.8241706717,0.170731707317,1.18181818182,5.45452549938,0.0,2.08316443291,7.89932959175
Cell#015,86.1,97.6,0.0,0.811322513754,1.08629394696,99.897854954,0.181818181818,5.5,62.083414161,0.0,0.794278824544,3.09093326036
Cell#016,89.0,68.9,0.0,1.02142917862,1.40383561645,99.8892796665,0.0833333333333,3.33333333333,28.8782249742,0.0,1.60656814939,5.58870447747
Cell#018,106.2,100.5,0.0,1.15833479058,1.16509717586,99.8836102,0.192307692308,2.875,16.840741568,0.0,1.59973545768,5.09806769408
Cell#020,114.8,63.2,0.0,1.17643850434,1.37679487139,99.9208668128,0.111111111111,4.0,31.7080937638,0.0,2.38419495157,8.58922347389
Cell#022,126.3,112.0,0.0,0.862973453563,0.949124387559,97.273526825,0.0,7.8,23.8747841105,0.0,1.66673068451,5.89015566968
Cell#029,172.3,68.9,0.0,0.996645464336,1.10067277227,99.1539391276,0.0,3.33333333333,25.4526198439,0.0,0.691586629558,2.15363443972
Cell#033,212.5,86.1,0.0,1.19751389219,1.2041544684,99.7279440342,0.115384615385,3.14285714286,17.5451520913,0.0,1.77976721171,5.68249181872
Cell#036,241.2,103.4,0.0,0.931181453334,0.989376445116,98.4931280013,0.0,7.0,24.1819273491,0.0,1.33447255301,4.16775420423
Cell#043,292.9,86.1,0.0,2.89547674536,1.96647161496,99.9670668543,0.888888888889,0.545454545455,7.80483091787,0.010752688172,3.69201729647,14.4950202094
Cell#046,312.9,109.1,0.0,1.16399638569,1.28885017442,99.4027303754,0.0,2.75,20.7839707079,0.0,0.839195367017,2.23369093027
Cell#047,330.2,80.4,0.0,1.28742925684,1.49992320003,99.9363573247,0.1875,2.8,23.7080586081,0.0,2.58873719073,9.80625100401
Cell#049,333.0,54.6,0.0,1.07528195704,0.881002393846,99.338432913,0.138888888889,1.92857142857,8.27254461648,0.0,0.919116155923,2.51949885924
Cell#052,350.3,117.7,0.0,1.15872088949,1.29080850536,99.2394524057,0.0,1.71428571429,14.8198236938,0.0,1.12416904765,2.95495279403
Cell#053,356.0,77.5,0.0,1.42069125166,1.17355918922,99.8839426345,0.190476190476,1.08333333333,9.44035446489,0.0,1.47390626689,3.8208060221
Cell#010,51.7,123.5,0.0,1.86455176135,1.47445172947,99.9692937564,0.5,0.909090909091,9.97712748066,0.0,2.35635481608,7.88493475665
Cell#012,57.4,143.6,0.0,1.35722544638,0.460647763646,99.922215308,0.703703703704,0.916666666667,5.47130769231,0.00813008130081,1.32500202944,3.7099165885
Cell#039,183.8,51.7,0.0,1.44433955856,1.45964606427,99.9439108182,0.727272727273,0.9,11.7296296296,0.00840336134454,1.44565058402,3.822243656
Cell#045,212.5,129.2,0.0,1.03770752506,1.04378556558,99.7434103102,0.243243243243,2.28571428571,7.86106008922,0.0,1.45267537155,5.0142182776
Cell#046,215.3,48.8,0.0,2.30959448478,1.37740438012,99.9851703555,2.16666666667,0.357142857143,8.12674718415,0.0,2.57477339909,8.300450912
Cell#050,232.6,100.5,0.0,1.18681095668,1.32540346903,99.8607698608,0.25,2.33333333333,18.9830260462,0.0,1.43291138751,4.05958942978
Cell#054,264.1,68.9,0.0,1.35024284685,1.16917934334,99.8939804453,0.2,1.4,8.70853242321,0.0,1.75330495149,4.84822521764
Cell#056,269.9,43.1,0.142857142857,2.4961171207,-0.188237356782,99.9818791338,1.32432432432,0.48275862069,2.39289883268,0.0241935483871,3.98049577239,19.7771110602
Cell#066,330.2,100.5,0.321428571429,3.30890178317,0.313476172788,99.9726576741,0.882352941176,0.560975609756,2.865178092,0.0366972477064,6.75297046002,50.3752921271
Cell#070,356.0,28.7,0.0,2.43557806473,1.81908449538,99.9798786009,1.25,0.5,8.50579573935,0.0,3.34545791399,13.0062008958
Cell#002,17.2,63.2,0.0,0.409171230055,0.513086955783,96.0940462647,0.0,50.0,145.058043118,0.0,0.342321337148,3.53872321081
Cell#004,34.5,66.0,0.0,0.337286066158,0.234612547608,79.7046573268,0.0,1.0,1.0,0.0,0.637899275683,3.44377756072
Cell#008,57.4,143.6,0.0,0.69864504298,0.669879107777,87.9447513812,0.0,1.0,1.0,0.0,0.538026946721,1.71049341698
Cell#011,68.9,89.0,0.0,0.416688125783,0.412035946047,83.1878557875,0.0,1.0,1.0,0.0,0.51412938559,3.21484616982
Cell#012,74.6,40.2,0.0,0.750353128925,0.949299382553,97.5526932084,0.0,18.0,98.9633286319,0.0,0.988592872599,2.94661009922
Cell#013,91.9,86.1,0.0,0.438050873208,0.52002659259,93.2929139826,0.0,22.5,59.4451566952,0.0,0.1887108606,2.93817850813
Cell#014,97.6,146.4,0.0,1.18139199727,1.15595424281,96.8574924335,0.0,1.0,1.0,0.0,3.8342876563,17.330428087
Cell#015,100.5,63.2,0.0,0.509636895559,0.739012180096,99.6708721887,0.0217391304348,46.0,164.771484375,0.0,1.02167605185,5.02612776661
Cell#016,112.0,149.3,0.0,0.494447458226,0.527100899748,85.4024876789,0.0,1.0,1.0,0.0,0.943739301907,3.24399267933
Cell#020,126.3,149.3,0.0,0.629530567803,0.882828521834,99.1320520769,0.025641025641,39.0,151.339483395,0.0,1.13072495415,4.40876388481
Cell#021,137.8,40.2,0.0,0.903497140428,0.927472283648,95.992286409,0.0,1.0,1.0,0.0,0.943749746187,2.61936678312
Cell#026,152.2,86.1,0.0,0.815171844401,0.989570507809,97.3031871425,0.0,18.0,85.7435530086,0.0,0.772230647594,2.72486180764
Cell#027,155.0,63.2,0.0,0.790935645571,1.13347182139,95.0275801423,0.0,1.0,1.0,0.0,1.93308619343,6.61852198249
Cell#029,180.9,103.4,0.0,0.50494868758,0.660145106606,98.6390532544,0.0,16.0,114.209459459,0.0,0.0055327538718,2.59339742466
Cell#032,195.2,114.8,0.0,0.913435376149,1.12729344228,98.1086323957,0.0,17.0,94.673381295,0.0,1.24656820526,3.61284711803
Cell#039,235.4,86.1,0.0,0.731287731194,0.81697684288,91.6623511134,0.0,1.0,1.0,0.0,0.831367178319,2.34604589435
